Observable,Id_Observable,Nueva_Habilidad,Perfil,Rol
"Gestiona adecuadamente situaciones de alta presión, como retrasos o imprevistos, manteniendo una actitud positiva y proactiva.",OBS_00001,GESTIÓN DE EMOCIONES,"CONOCIMIENTOS (CONSULTOR EMPRESAS Y NEGOCIOS (EMPRESAS, NEGOCIOS))",CONSULTOR
Identifica patrones de mejora o áreas de mejora mediante análisis de datos o reportes.,OBS_00002,HABILIDADES DIGITALES,"CONOCIMIENTOS (ASESOR VENTA UNIDAD MERCADO MASIVO (TMK,COMERCIAL))",ASESOR
"A partir del conocimiento del sector y/o el cliente, se hace un DOFA de soluciones estratégicas.",OBS_00003,HABILIDAD COMERCIAL,"CONOCIMIENTOS (CONSULTOR EMPRESAS Y NEGOCIOS (EMPRESAS, NEGOCIOS))",CONSULTOR
"A través de su asesoría, mínimo una propuesta, busca brindarle al comercial de manera ágil una identificación efectiva de la solicitud, para guiarlo hacia una venta que cumpla con las políticas de calidad establecidas.",OBS_00004,GESTIÓN Y ORGANIZACIÓN,CONOCIMIENTOS (ASESOR BACKOFFICE (CGV)),ASESOR
Accede al panel de control de ventas donde registre la información nueva y planifica las siguientes acciones.,OBS_00005,HABILIDADES DIGITALES,CONOCIMIENTOS (ASESOR VENTA Y SERVICIO UNIDAD MERCADO MASIVO (CAV)),ASESOR
"Accede rápidamente a las plataformas digitales (CRM, SalesForce, App de venta, etc) para personalizar el documento con los datos del cliente.",OBS_00006,HABILIDADES DIGITALES,CONOCIMIENTOS (ASESOR VENTA Y SERVICIO UNIDAD MERCADO MASIVO (CAV)),ASESOR
"Accede rápidamente a las plataformas digitales (CRM, SalesForce. App de venta etc.) para personalizar el documento con los datos del cliente.",OBS_00006,HABILIDADES DIGITALES,CONOCIMIENTOS (ASESOR VENTA Y SERVICIO UNIDAD MERCADO MASIVO (CAV)),ASESOR
Adapta su discurso resaltando mínimo 1 beneficio mencionando en el  la ventaja y la característica de la oferta  relacionados con las necesidades del cliente.,OBS_00007,HABILIDAD COMERCIAL,"CONOCIMIENTOS (ASESOR VENTA UNIDAD MERCADO MASIVO (TMK,COMERCIAL))",ASESOR
Adapta su discurso resaltando mínimo 1 beneficio mencionando la ventaja y la característica de la oferta  relacionados con las necesidades del cliente.,OBS_00007,HABILIDAD COMERCIAL,"CONOCIMIENTOS (ASESOR VENTA UNIDAD MERCADO MASIVO (TMK,COMERCIAL))",ASESOR
Adapta su discurso resaltando mínimo 1 beneficio para el cliente y mínimo 2 características del producto directamente relacionados con las necesidades del cliente.,OBS_00007,HABILIDAD COMERCIAL,"CONOCIMIENTOS (ASESOR VENTA UNIDAD MERCADO MASIVO (TMK,COMERCIAL))",ASESOR
"Agendar espacios,  que involucren a la totalidad de interlocutores requeridos en Claro para la sustentación de la propuesta presentada.",OBS_00008,HABILIDADES DIGITALES,"CONOCIMIENTOS (CONSULTOR EMPRESAS Y NEGOCIOS (EMPRESAS, NEGOCIOS))",CONSULTOR
Ajusta estrategias comerciales en tiempo real basándose en las condiciones observadas en la operación.,OBS_00009,EXCELENCIA,CONOCIMIENTOS (ESPECIALISTA COMERCIAL),ESPECIALISTA
Ajusta mensualmente las estrategias comerciales y acciones del equipo ante cambios en el mercado o actualizaciones de productos.,OBS_00010,ADAPTABILIDAD,CONOCIMIENTOS (ESPECIALISTA COMERCIAL),ESPECIALISTA
"Al finalizar el contacto, realiza cierre de ordenes en plataforma, emite información de trazabilidad del contacto y cualquier procedimiento es transferido a áreas encargadas.
",,,,
""",""OBS_00011""",GESTIÓN Y ORGANIZACIÓN,CONOCIMIENTOS (ASESOR VENTA Y SERVICIO UNIDAD MERCADO MASIVO (CAV)),ASESOR,
"Al finalizar el contacto, realiza cierre del 100% de ordenes en plataforma, información de trazabilidad del contacto y cualquier procedimiento que deba ser transferido a áreas encargadas.",OBS_00011,GESTIÓN Y ORGANIZACIÓN,CONOCIMIENTOS (ASESOR VENTA Y SERVICIO UNIDAD MERCADO MASIVO (CAV)),ASESOR
"Al finalizar el contacto, realiza cierre del 100% de ordenes en plataforma, información de trazabilidad del contacto y cualquier procedimiento que deba ser transferido a áreas encargadas.
",,,,
""",""OBS_00011""",GESTIÓN Y ORGANIZACIÓN,CONOCIMIENTOS (ASESOR VENTA Y SERVICIO UNIDAD MERCADO MASIVO (CAV)),ASESOR,
"Analiza las interacciones y retroalimentación de los clientes para proponer y aplicar ideas creativas que optimicen los procesos, productos o servicios. Ajusta estas iniciativas a las necesidades específicas del cliente, asegurando un impacto positivo y tangible en su satisfacción.",OBS_00012,SERVICIO AL CLIENTE,CONOCIMIENTOS (CUIDADO AL CLIENTE),CUIDADO AL CLIENTE
"Ante negativas en las  citas que desea concretar, busca otras alternativas que le permitan identificar y contactar las personas clave, sin darse fácilmente por vencido.",OBS_00013,GESTIÓN DE EMOCIONES,"CONOCIMIENTOS (CONSULTOR EMPRESAS Y NEGOCIOS (EMPRESAS, NEGOCIOS))",CONSULTOR
"Ante un cliente difícil, mantiene la calma de la siguiente forma: hablando en un tono de voz tranquilo, bajo y pausado, respira profundo manteniendo una postura relajada demostrando interés al escuchar el cliente, no interrumpiéndolo.",OBS_00014,GESTIÓN DE EMOCIONES,"CONOCIMIENTOS (ASESOR VENTA UNIDAD MERCADO MASIVO (TMK,COMERCIAL))",ASESOR
"Ante una alta cantidad de tareas pendientes, el consultor realiza una pausa para analizar la situación, identifica las actividades más críticas y planifica un orden de ejecución, evitando que la frustración afecte su desempeño o actitud.
",,,,
""",""OBS_00015""",GESTIÓN DE EMOCIONES,CONOCIMIENTOS (CUIDADO AL CLIENTE),CUIDADO AL CLIENTE,
"Antes de argumentar la solución o el producto, el consultor se anticipa y conoce las necesidades del negocio.  Utiliza este conocimiento previo de necesidades del negocio para argumentar el por que la solución  o producto ofrecida.",OBS_00016,HABILIDAD COMERCIAL,"CONOCIMIENTOS (CONSULTOR EMPRESAS Y NEGOCIOS (EMPRESAS, NEGOCIOS))",CONSULTOR
"Antes de cada visita, el consultor analiza información de la empresa (como tamaño, industria, necesidades específicas) e información en sistemas (puntos de contacto previos, tickets escaldos). En base a esto, elabora una agenda de la visita que optimiza la interacción.
",,,,
""",""OBS_00017""",PENSAMIENTO ESTRATÉGICO,CONOCIMIENTOS (CUIDADO AL CLIENTE),CUIDADO AL CLIENTE,
Apoya al aliado en los posibles conflictos que se puedan presentar por falta de comunicación o entregables para no afectar la operación ni el desarrollo de sus actividades.,OBS_00018,COLABORACIÓN,CONOCIMIENTOS (ESPECIALISTA COMERCIAL),ESPECIALISTA
"Asegura cumplir con promesas comerciales ofrecidas al cliente, 'El valor de la palabra', para mantener la relación con el mismo.",OBS_00019,PENSAMIENTO ESTRATÉGICO,"CONOCIMIENTOS (CONSULTOR EMPRESAS Y NEGOCIOS (EMPRESAS, NEGOCIOS))",CONSULTOR
Atiende el 100% de las solicitudes de acompañamiento mediante canales de soporte ante las fallas o caídas en aplicativos.,OBS_00020,COLABORACIÓN,CONOCIMIENTOS (ESPECIALISTA COMERCIAL),ESPECIALISTA
Busca garantizar mensualmente que el cumplimiento de los indicadores sea alcanzado mediante  una gestión de tiempo optimizada y eficiente.,OBS_00021,EXCELENCIA,CONOCIMIENTOS (ESPECIALISTA COMERCIAL),ESPECIALISTA
"Colabora activamente con el cliente y el equipo interno de Claro, proponiendo soluciones personalizadas y asegurándose de que los ajuste realizados a la solución cumplan con los objetivos del cliente.",OBS_00022,HABILIDAD COMERCIAL,"CONOCIMIENTOS (CONSULTOR EMPRESAS Y NEGOCIOS (EMPRESAS, NEGOCIOS))",CONSULTOR
Compara resultados históricos mensualmente con datos actuales para proponer mejoras en la operación.,OBS_00023,ANÁLITICA Y TOMA DE DECISIONES,CONOCIMIENTOS (ESPECIALISTA COMERCIAL),ESPECIALISTA
"Comunica mensualmente de manera clara y efectiva las actualizaciones, políticas, circulares y campañas vigentes (Cliente interno y cliente externo).",OBS_00024,APORTE DE VALOR,CONOCIMIENTOS (ESPECIALISTA COMERCIAL),ESPECIALISTA
Conoce cuales son las principales características de las  ofertas del mes que debe impulsar y logra con facilidad buscar la información necesaria de las ofertas dentro de la plataforma oficial de la compañía (Conectados).,OBS_00025,GESTIÓN Y ORGANIZACIÓN,"CONOCIMIENTOS (ASESOR VENTA UNIDAD MERCADO MASIVO (TMK,COMERCIAL))",ASESOR
"Conoce el 100% de las metas integrales de su cargo, y de la Gerencia.",OBS_00026,HABILIDAD COMERCIAL,"CONOCIMIENTOS (CONSULTOR EMPRESAS Y NEGOCIOS (EMPRESAS, NEGOCIOS))",CONSULTOR
"Conoce las fortalezas y debilidades de su solución para empresas u oferta comercial para Pyme, anticipando posibles objeciones y preparándose para argumentarlas.",OBS_00027,PENSAMIENTO ESTRATÉGICO,"CONOCIMIENTOS (CONSULTOR EMPRESAS Y NEGOCIOS (EMPRESAS, NEGOCIOS))",CONSULTOR
Conoce las ventajas y beneficios del producto u oferta vs de la competencia y se las comenta al cliente de acuerdo a su necesidad.,OBS_00028,HABILIDAD COMERCIAL,"CONOCIMIENTOS (ASESOR VENTA UNIDAD MERCADO MASIVO (TMK,COMERCIAL))",ASESOR
"Conoce las ventajas y beneficios del producto u oferta, el vs de la competencia y se las comenta al cliente de acuerdo a su necesidad.",OBS_00028,HABILIDAD COMERCIAL,"CONOCIMIENTOS (ASESOR VENTA UNIDAD MERCADO MASIVO (TMK,COMERCIAL))",ASESOR
"Conoce las ventajas y beneficios del producto u oferta, vs el de la competencia y se las comenta al cliente de acuerdo a su necesidad.",OBS_00028,HABILIDAD COMERCIAL,"CONOCIMIENTOS (ASESOR VENTA UNIDAD MERCADO MASIVO (TMK,COMERCIAL))",ASESOR
"Conoce los aspectos diferenciales de la oferta comercial solución, compensando las objeciones presentadas por el cliente y llevando a negociaciones gana gana",OBS_00029,PENSAMIENTO ESTRATÉGICO,"CONOCIMIENTOS (CONSULTOR EMPRESAS Y NEGOCIOS (EMPRESAS, NEGOCIOS))",CONSULTOR
Conoce sus resultados del día al cierre del turno y los compara con su meta diaria.,OBS_00030,HABILIDAD COMERCIAL,"CONOCIMIENTOS (ASESOR VENTA UNIDAD MERCADO MASIVO (TMK,COMERCIAL))",ASESOR
Consulta de forma ágil  la información de las políticas y procesos a realizar.,OBS_00031,GESTIÓN Y ORGANIZACIÓN,CONOCIMIENTOS (ASESOR VENTA Y SERVICIO UNIDAD MERCADO MASIVO (CAV)),ASESOR
Consulta de una forma ágil  la información de las políticas y procesos a realizar en la herramienta oficial de Claro Conectados.,OBS_00032,GESTIÓN Y ORGANIZACIÓN,"CONOCIMIENTOS (ASESOR VENTA UNIDAD MERCADO MASIVO (TMK,COMERCIAL))",ASESOR
"Consulta información externa (paginas de la competencia), como internas oficiales (Conectados) para conocer información que le permita fortalecer su argumentación y manejar la objeción",OBS_00033,HABILIDADES DIGITALES,"CONOCIMIENTOS (ASESOR VENTA UNIDAD MERCADO MASIVO (TMK,COMERCIAL))",ASESOR
"Consulta información externa (páginas de la competencia), como internas oficiales (Conectados) para conocer información que le permita fortalecer su argumentación y manejar la objeción",OBS_00033,HABILIDADES DIGITALES,"CONOCIMIENTOS (ASESOR VENTA UNIDAD MERCADO MASIVO (TMK,COMERCIAL))",ASESOR
"Consulta información externa (paginas de la competencia), como internas para conocer información que le permita fortalecer su argumentación y manejar la objeción.",OBS_00033,HABILIDADES DIGITALES,"CONOCIMIENTOS (ASESOR VENTA UNIDAD MERCADO MASIVO (TMK,COMERCIAL))",ASESOR
"Crear en conjunto con el aliado las  estrategias Operativa comerciales para asegurar la efectividad en sus metas diarias, basándose en indicadores específicos de rendimiento.",OBS_00034,APORTE DE VALOR,CONOCIMIENTOS (ESPECIALISTA COMERCIAL),ESPECIALISTA
"Cuando analiza su base de clientes y ante una baja cantidad de clientes o clientes difíciles de captar, regula su desmotivación por medio de alternativas que mejoren su gestión como: cambiar estrategia de abordaje, revisar otras bases o crear nuevas redes de contactos o referidos.",OBS_00035,GESTIÓN DE EMOCIONES,CONOCIMIENTOS (CONSULTOR EMPRESAS Y NEGOCIOS),CONSULTOR
"Cuando analiza su base de clientes y ante una baja cantidad de clientes o clientes difíciles de captar, regula su desmotivación por medio de alternativas que mejoren su gestión como: cambiar estrategia de abordaje, revisar otras bases o crear nuevas redes de contactos o referidos. 
",,,,
""",""OBS_00035""",GESTIÓN DE EMOCIONES,CONOCIMIENTOS (CONSULTOR EMPRESAS Y NEGOCIOS),CONSULTOR,
"Cuando un cliente muestra resistencia, el asesor realiza un intento adicional para abordar las inquietudes del cliente de manera respetuosa EJEMPLO: ¿Te gustaría que te explique más sobre cómo podrías beneficiarte de esta oferta?'. Si el cliente sigue sin interés, el asesor concluye cortésmente la conversación",OBS_00036,HABILIDAD COMERCIAL,"CONOCIMIENTOS (ASESOR VENTA UNIDAD MERCADO MASIVO (TMK,COMERCIAL))",ASESOR
"Cuando un cliente muestra resistencia, el asesor realiza un intento adicional para abordar las inquietudes del cliente de manera respetuosa EJEMPLO: ¿Te gustaría que te explique más sobre cómo podrías beneficiarte de esta oferta?'. Si el cliente sigue sin interés, el asesor concluye cortésmente la conversación
",,,,
""",""OBS_00036""",HABILIDAD COMERCIAL,"CONOCIMIENTOS (ASESOR VENTA UNIDAD MERCADO MASIVO (TMK,COMERCIAL))",ASESOR,
"Cuenta con un buen nivel de relacionamiento con las áreas de apoyo como : preventa- it- producto- inteligencia comercial , para el logro del resultado final . Se evidencia por el nivel de frecuencia de las reuniones con el equipo interno, # resolución de problemas en el proyecto.",OBS_00037,HABILIDAD COMERCIAL,CONOCIMIENTOS (CONSULTOR EMPRESAS Y NEGOCIOS),CONSULTOR
Cuenta con una matriz de contactos de todas la áreas que le permite gestionar y dar celeridad a la implementación de la solución (es).,OBS_00038,HABILIDAD COMERCIAL,"CONOCIMIENTOS (CONSULTOR EMPRESAS Y NEGOCIOS (EMPRESAS, NEGOCIOS))",CONSULTOR
"De forma proactiva consulta en sus herramientas (Conectados, CRM y pagina oficial de Claro) disponibles, el producto que ha marcado como interés él cliente o el proceso para ejecutar su solicitud, para adaptar su abordaje.",OBS_00039,HABILIDADES DIGITALES,CONOCIMIENTOS (ASESOR VENTA Y SERVICIO UNIDAD MERCADO MASIVO (CAV)),ASESOR
"De forma proactiva consulta en sus herramientas (Conectados, CRM y página oficial de Claro) disponibles, el producto que ha marcado como interés el cliente o el proceso para ejecutar su solicitud, para adaptar su abordaje.",OBS_00039,HABILIDADES DIGITALES,CONOCIMIENTOS (ASESOR VENTA Y SERVICIO UNIDAD MERCADO MASIVO (CAV)),ASESOR
"De forma proactiva consulta en sus herramientas oficiales disponibles de compañía (Conectados) o del BPO,  él producto o servicio que ha marcado como interés él cliente, para adaptar su abordaje.",OBS_00039,HABILIDADES DIGITALES,CONOCIMIENTOS (ASESOR VENTA Y SERVICIO UNIDAD MERCADO MASIVO (CAV)),ASESOR
"De forma proactiva consulta en sus herramientas oficiales disponibles de compañía (Conectados) o del BPO, el producto o servicio que ha marcado como interés el cliente, para adaptar su abordaje.",OBS_00039,HABILIDADES DIGITALES,CONOCIMIENTOS (ASESOR VENTA Y SERVICIO UNIDAD MERCADO MASIVO (CAV)),ASESOR
"De presentarse una oportunidad comercial durante el servicio, el asesor propone mínimo un servicio o adquisición de producto basado en las señales e indicaciones de las necesidades del cliente.",OBS_00040,HABILIDAD COMERCIAL,CONOCIMIENTOS (ASESOR VENTA Y SERVICIO UNIDAD MERCADO MASIVO (CAV)),ASESOR
"De ser necesario, el asesor realiza mínimo una pregunta abierta adicional , para entender mejor el problema del cliente y así lograr un mayor entendimiento de la situación.",OBS_00041,SERVICIO AL CLIENTE,CONOCIMIENTOS (ASESOR VENTA Y SERVICIO UNIDAD MERCADO MASIVO (CAV)),ASESOR
Define planes de acción a partir de la información analizada que permitan generar eficiencias y/o impulsar los resultados.,OBS_00042,EXCELENCIA,CONOCIMIENTOS (ESPECIALISTA COMERCIAL),ESPECIALISTA
Desarrolla seguimiento del 100% de la operación y al Aliado a cargo en conjunto con los supervisores.,OBS_00043,COLABORACIÓN,CONOCIMIENTOS (ESPECIALISTA COMERCIAL),ESPECIALISTA
"Desarrolla un plan estructurado para segmentar el mercado, identificando los prospectos de mayor potencial.  Para que el comportamiento sea aceptado, mínimo el plan debe tener: 1) Análisis de datos y demográficos, y  2) Identificación de necesidades previas del cliente 3) madurez tecnológica del cliente.",OBS_00044,PENSAMIENTO ESTRATÉGICO,CONOCIMIENTOS (CONSULTOR EMPRESAS Y NEGOCIOS),CONSULTOR
"Después de 3 meses de inactividad de un cliente, les contacta proactivamente, muestra empatía y ofrece soluciones personalizadas que faciliten su reactivación y así mitigar el riesgo de modificación o cese del servicio.
",,,,
""",""OBS_00045""",SERVICIO AL CLIENTE,CONOCIMIENTOS (CUIDADO AL CLIENTE),CUIDADO AL CLIENTE,
Diariamente  realiza acompañamiento estratégico en sitio para garantizar el cumplimiento de indicadores clave.,OBS_00046,APORTE DE VALOR,CONOCIMIENTOS (ESPECIALISTA COMERCIAL),ESPECIALISTA
Diariamente revisa los indicadores del día anterior para tener claridad sobre el desempeño del equipo y establece mínimo una acción necesaria para enfoque efectivo del trabajo.,OBS_00047,EXCELENCIA,CONOCIMIENTOS (ESPECIALISTA COMERCIAL),ESPECIALISTA
"Diseña su plan de actividades utilizando aplicaciones de gestión de tareas o calendarios digitales, como ToDo, Gantt de trabajo, Project, O LOS PROGRAMAS QUE OFRECE LA SUITE DE  Microsoft Office.",OBS_00048,HABILIDADES DIGITALES,"CONOCIMIENTOS (CONSULTOR EMPRESAS Y NEGOCIOS (EMPRESAS, NEGOCIOS))",CONSULTOR
"Diseña su plan de actividades utilizando aplicaciones de gestión de tareas o calendarios digitales, como ToDo, Project, Planner etc.",OBS_00048,HABILIDADES DIGITALES,"CONOCIMIENTOS (CONSULTOR EMPRESAS Y NEGOCIOS (EMPRESAS, NEGOCIOS))",CONSULTOR
Documenta el 100% de las incidencias y fallas operativas para proponer soluciones concretas.,OBS_00049,EXCELENCIA,CONOCIMIENTOS (ESPECIALISTA COMERCIAL),ESPECIALISTA
"Domina y tiene a la mano las herramientas y portafolio de servicios y retención, en caso de requerir compensaciones o elementos adicional que mitiguen la insatisfacción del cliente. 
",,,,
""",""OBS_00050""",GESTIÓN Y ORGANIZACIÓN,"CONOCIMIENTOS ASESOR SERVICIO UNIDAD MERCADO MASIVO (CALL, CAV)",ASESOR,
"Durante interacciones complejas o tensas, el consultor usa un tono calmado y profesional, explica cada paso del proceso con claridad y verifica que tanto el cliente como el equipo de soporte entiendan las acciones a seguir.
",,,,
""",""OBS_00051""",GESTIÓN DE EMOCIONES,CONOCIMIENTOS (CUIDADO AL CLIENTE),CUIDADO AL CLIENTE,
"Durante la explicación de las nuevas ofertas, campañas vigentes, indaga, minimo 1 pregunta sobre las posibles objeciones que puede presentar el cliente y/o resuelve dudas de las campañas, ofertas, etc.",OBS_00052,HABILIDAD COMERCIAL,"CONOCIMIENTOS (ASESOR VENTA UNIDAD MERCADO MASIVO (TMK,COMERCIAL))",ASESOR
"Durante la explicación de las nuevas ofertas, campañas vigentes, indaga, mínimo 1 pregunta sobre las posibles objeciones que puede presentar el cliente y/o resuelve dudas de las campañas, ofertas, etc.",OBS_00052,HABILIDAD COMERCIAL,"CONOCIMIENTOS (ASESOR VENTA UNIDAD MERCADO MASIVO (TMK,COMERCIAL))",ASESOR
"Durante las conversaciones, el consultor mantiene contacto visual (en visitas presenciales), repite o parafrasea las inquietudes del cliente para confirmar su comprensión, y responde con soluciones alineadas a lo expresado.",OBS_00053,SERVICIO AL CLIENTE,CONOCIMIENTOS (CUIDADO AL CLIENTE),CUIDADO AL CLIENTE
"Durante una interacción desafiante, como una queja del cliente o un conflicto interno, el consultor controla su tono de voz, lenguaje corporal y respuestas emocionales, mostrando empatía y buscando resolver el problema sin dejarse llevar por el estrés o la frustración.
",,,,
""",""OBS_00054""",GESTIÓN DE EMOCIONES,CONOCIMIENTOS (CUIDADO AL CLIENTE),CUIDADO AL CLIENTE,
"Ejecuta el protocolo de abordaje según la operación que se encuentre al asesor, cuidando apariencia personal, lenguaje verbal y no verbal",OBS_00055,HABILIDAD COMERCIAL,"CONOCIMIENTOS (ASESOR VENTA UNIDAD MERCADO MASIVO (TMK,COMERCIAL))",ASESOR
"Ejecuta el protocolo de abordaje según la operación que se encuentre el asesor, cuidando apariencia personal, lenguaje verbal y no verbal",OBS_00055,HABILIDAD COMERCIAL,"CONOCIMIENTOS (ASESOR VENTA UNIDAD MERCADO MASIVO (TMK,COMERCIAL))",ASESOR
"El asesor a través de una comunicación paciente y pausada, informa al comercial sobre el tramite realizado y paso futuros con el cliente final, fomentando el conocimiento integral de la venta.
",,,,
""",""OBS_00056""",GESTIÓN DE EMOCIONES,CONOCIMIENTOS (ASESOR BACKOFFICE (CGV)),ASESOR,
"El asesor administra un correcto balance entre el tiempo de indagación y orientación versus la dedicación de cada caso, no superando la política de tiempo sugerida por su BPO o compañía.",OBS_00057,GESTIÓN Y ORGANIZACIÓN,CONOCIMIENTOS (ASESOR BACKOFFICE (CGV)),ASESOR
"El asesor al finalizar la atención confirma con el cliente si la atención brindada a cubierto el motivo del contacto, o si hay algo más que podría hacer o gestionar por él. También lo invita a realizar la encuesta de servicio",OBS_00058,HABILIDAD COMERCIAL,CONOCIMIENTOS (ASESOR VENTA Y SERVICIO UNIDAD MERCADO MASIVO (CAV)),ASESOR
"El asesor ante dudas o negaciones del cliente versus la información suministrada, es capaz de gestionar objeciones de manera efectiva, formulando mínimo una pregunta para identificar y resolver cualquier inconformidad y poder avanzar con el proceso.
",,,,
""",""OBS_00059""",ADAPTABILIDAD,CONOCIMIENTOS (ASESOR BACKOFFICE (CGV)),ASESOR,
"El asesor antes de formalizar la solicitud, realiza un control de toda la información necesaria a ingresar en sistemas, mitigando errores futuros en el proceso.",OBS_00060,ADAPTABILIDAD,CONOCIMIENTOS (ASESOR BACKOFFICE (CGV)),ASESOR
"El asesor articula los conceptos, tarifas comerciales y resultados de validación del cliente brindados por los aplicativos, asegurando que la oferta que indica el asesor de venta cumpla con las condiciones de la política, en caso contrario informa y guía al asesor de ventas.",OBS_00061,ADAPTABILIDAD,CONOCIMIENTOS (ASESOR BACKOFFICE (CGV)),ASESOR
"El asesor asegura en las herramientas el 100% de los registros, tipificaciones y escalamientos a través de los debidos procesos establecidos en la organización.",OBS_00062,HABILIDADES DIGITALES,CONOCIMIENTOS (ASESOR VENTA Y SERVICIO UNIDAD MERCADO MASIVO (CAV)),ASESOR
"El asesor asegura que el cliente reciba información correcta y exacta sobre el producto que va a adquirir, realiza un resumen detallado de los servicios a contratar junto con las condiciones comerciales y los datos personales del cliente, y proceder con el proceso de digitación ante la aceptación del cliente.",OBS_00063,GESTIÓN Y ORGANIZACIÓN,CONOCIMIENTOS (ASESOR BACKOFFICE (CGV)),ASESOR
"El asesor compara diferentes productos, destacando las características clave y beneficios de cada uno en contextos relacionados al cliente o casos aplicados, facilitando el entendimiento del beneficio y utilidad.",OBS_00064,HABILIDAD COMERCIAL,"CONOCIMIENTOS ASESOR SERVICIO UNIDAD MERCADO MASIVO (CALL, CAV)",ASESOR
"El asesor comunica al cliente cada paso que va realizando en la atención, brindándole información de que tratamiento se esta haciendo y demostrando su celeridad en la gestión.",OBS_00065,SERVICIO AL CLIENTE,"CONOCIMIENTOS ASESOR SERVICIO UNIDAD MERCADO MASIVO (CALL, CAV)",ASESOR
"El asesor comunica al cliente cada paso que va realizando en la atención, brindándole información de que tratamiento se está haciendo y demostrando su celeridad en la gestión.",OBS_00065,SERVICIO AL CLIENTE,"CONOCIMIENTOS ASESOR SERVICIO UNIDAD MERCADO MASIVO (CALL, CAV)",ASESOR
"El asesor comunica de manera transparente los alcances y limitaciones del servicio que puede ofrecer, orientando al cliente hacia una solución viable y ganando así su confianza.",OBS_00066,GESTIÓN DE EMOCIONES,"CONOCIMIENTOS ASESOR SERVICIO UNIDAD MERCADO MASIVO (CALL, CAV)",ASESOR
"El asesor comunica en la atención mínimo una vez,  el tratamiento y solución que puede ofrecer, orientando al cliente y ganando así su confianza.",OBS_00067,GESTIÓN DE EMOCIONES,CONOCIMIENTOS (ASESOR VENTA Y SERVICIO UNIDAD MERCADO MASIVO (CAV)),ASESOR
"El asesor confirma con el cliente si la atención brindada a cubierto el motivo del contacto, o si hay algo más que podría hacer o gestionar por él. También lo invita a realizar la encuesta de servicio.",OBS_00068,HABILIDAD COMERCIAL,"CONOCIMIENTOS ASESOR SERVICIO UNIDAD MERCADO MASIVO (CALL, CAV)",ASESOR
"El asesor conoce y aplica las políticas de contacto, monitoreando el tiempo de atención y ausentismos, balanceando excepciones a aplicar basado en la casuística.",OBS_00069,GESTIÓN Y ORGANIZACIÓN,"CONOCIMIENTOS ASESOR SERVICIO UNIDAD MERCADO MASIVO (CALL, CAV)",ASESOR
El asesor conoce y domina  el  proceso de ingreso a aplicativos para empezar a operar.,OBS_00070,HABILIDADES DIGITALES,"CONOCIMIENTOS ASESOR SERVICIO UNIDAD MERCADO MASIVO (CALL, CAV)",ASESOR
El asesor conoce y domina cada paso del proceso de ingreso a aplicativos.,OBS_00070,HABILIDADES DIGITALES,"CONOCIMIENTOS ASESOR SERVICIO UNIDAD MERCADO MASIVO (CALL, CAV)",ASESOR
El asesor conoce y domina la el  proceso de ingreso a aplicativos para empezar a operar.,OBS_00070,HABILIDADES DIGITALES,"CONOCIMIENTOS ASESOR SERVICIO UNIDAD MERCADO MASIVO (CALL, CAV)",ASESOR
El asesor conoce y domina la totalidad del proceso de ingreso a aplicativos.,OBS_00070,HABILIDADES DIGITALES,"CONOCIMIENTOS ASESOR SERVICIO UNIDAD MERCADO MASIVO (CALL, CAV)",ASESOR
"El asesor conscientemente transmite sensación de comodidad y respeto con el cliente, asegurando una  distancia adecuada y dando respuestas asertivas a través de su  lenguaje verba y no verbal, manteniendo siempre posturas y  tonos de voz que reflejen accesibilidad.
",,,,
""",""OBS_00071""",SERVICIO AL CLIENTE,"CONOCIMIENTOS ASESOR SERVICIO UNIDAD MERCADO MASIVO (CALL, CAV)",ASESOR,
"El asesor cumple las políticas de contacto, monitoreando el tiempo de atención y ausentismos.",OBS_00072,GESTIÓN Y ORGANIZACIÓN,CONOCIMIENTOS (ASESOR VENTA Y SERVICIO UNIDAD MERCADO MASIVO (CAV)),ASESOR
"El asesor demuestra un tono amable y de apertura al comercial, manteniendo una comunicación respetuosa, lenguaje no verbal o tonos de voz que evidencien apoyo. 
",,,,
""",""OBS_00073""",SERVICIO AL CLIENTE,CONOCIMIENTOS (ASESOR BACKOFFICE (CGV)),ASESOR,
"El asesor domina el 100% de las herramientas y portafolio de servicios y retención, en caso de requerir modificaciones o adiciones en los servicios del cliente.",OBS_00074,GESTIÓN Y ORGANIZACIÓN,CONOCIMIENTOS (ASESOR VENTA Y SERVICIO UNIDAD MERCADO MASIVO (CAV)),ASESOR
"El asesor domina el 100% los pasos y lineamientos de cada transacción posventa y su ejecución en los sistemas de información, logrando ejecutar órdenes y transacciones oportunas.",OBS_00075,HABILIDADES DIGITALES,CONOCIMIENTOS (ASESOR VENTA Y SERVICIO UNIDAD MERCADO MASIVO (CAV)),ASESOR
"El asesor domina y conoce los pasos y lineamientos de cada transacción posventa y su ejecución en los sistemas de información, logrando ejecutar ordenes y transacciones oportunas.
",,,,
""",""OBS_00076""",HABILIDADES DIGITALES,"CONOCIMIENTOS ASESOR SERVICIO UNIDAD MERCADO MASIVO (CALL, CAV)",ASESOR,
"El asesor domina y conoces los pasos y lineamientos de cada oferta y su ejecución en los sistemas de información, logrando activaciones exitosas.
",,,,
""",""OBS_00077""",HABILIDADES DIGITALES,"CONOCIMIENTOS ASESOR SERVICIO UNIDAD MERCADO MASIVO (CALL, CAV)",ASESOR,
"El asesor domina y tiene a la mano las herramientas (Conectados) con política y lineamientos comerciales, agilizando la resolución de dudas u orientación comercial.
",,,,
""",""OBS_00078""",GESTIÓN Y ORGANIZACIÓN,CONOCIMIENTOS (ASESOR BACKOFFICE (CGV)),ASESOR,
"El asesor domina y tiene a la mano las herramientas necesarias para la validación y legalización de la venta, conociendo  el 100% de las alternativas y protocolos necesarios a implementar en caso de alguna novedad o retracto del cliente.",OBS_00079,GESTIÓN Y ORGANIZACIÓN,CONOCIMIENTOS (ASESOR BACKOFFICE (CGV)),ASESOR
"El asesor en caso de presentar interrupciones, errores de información por el cliente o alguna inconformidad, reacciona de manera ágil y asertiva para realizar nuevamente el proceso sin generar inconformidad o malestar.
",,,,
""",""OBS_00080""",ADAPTABILIDAD,CONOCIMIENTOS (ASESOR BACKOFFICE (CGV)),ASESOR,
"El asesor es riguroso con la trazabilidad de la solicitud, manteniendo 100% actualizada la información en los sistemas y comunicando a los interesados el estado del requerimiento, los resultados del contacto con el cliente final y cualquier novedad que pueda presentarse en la gestión
",,,,
""",""OBS_00081""",GESTIÓN Y ORGANIZACIÓN,CONOCIMIENTOS (ASESOR BACKOFFICE (CGV)),ASESOR,
El asesor está atento a las señales y comentarios del cliente que puedan indicar una oportunidad de venta.,OBS_00082,HABILIDAD COMERCIAL,"CONOCIMIENTOS ASESOR SERVICIO UNIDAD MERCADO MASIVO (CALL, CAV)",ASESOR
"El asesor indaga a través de preguntas abiertas, mínimo dos, el  problema o necesidad del cliente y así lograr un mayor entendimiento de la situación.",OBS_00083,SERVICIO AL CLIENTE,"CONOCIMIENTOS ASESOR SERVICIO UNIDAD MERCADO MASIVO (CALL, CAV)",ASESOR
"El asesor indaga proactivamente con mínimo una pregunta,  sobre posibles objeciones de los clientes durante la explicación de nuevas ofertas, transacciones o servicios, tomando notas detalladas de los tips para argumentar.",OBS_00084,HABILIDAD COMERCIAL,"CONOCIMIENTOS ASESOR SERVICIO UNIDAD MERCADO MASIVO (CALL, CAV)",ASESOR
"El asesor inicia la interacción con el cliente, asegurando proyección y seguridad a través del tono de voz amable, enérgico y persuasivo, por medio de su presentación personal y/o la forma de contacto.",OBS_00085,HABILIDAD COMERCIAL,"CONOCIMIENTOS ASESOR SERVICIO UNIDAD MERCADO MASIVO (CALL, CAV)",ASESOR
"El asesor invita al cliente a conocer más sobre los beneficios del portafolio de Claro, destacando cómo pueden satisfacer sus necesidades. Impulsa el uso de las plataformas digitales como la pagina web o la APP mi Claro.",OBS_00086,HABILIDAD COMERCIAL,"CONOCIMIENTOS ASESOR SERVICIO UNIDAD MERCADO MASIVO (CALL, CAV)",ASESOR
"El asesor invita al cliente a realizar acciones concretas o invitaciones a la acción para validar que el producto o servicio esta acorde a sus expectativas, es decir, funcionando, la información esta en su correo o celular, pruebas de señal, ect.",OBS_00087,HABILIDAD COMERCIAL,"CONOCIMIENTOS ASESOR SERVICIO UNIDAD MERCADO MASIVO (CALL, CAV)",ASESOR
"El asesor invita mínimo una vez al cliente a realizar acciones concretas o invitaciones a la acción para validar que el producto o servicio está acorde a sus expectativas, es decir, funcionando",OBS_00088,HABILIDAD COMERCIAL,CONOCIMIENTOS (ASESOR VENTA Y SERVICIO UNIDAD MERCADO MASIVO (CAV)),ASESOR
"El asesor llega puntualmente a su estación de trabajo, validando el ingreso y correcto funcionamiento de las herramientas de trabajo antes de iniciar su jornada laboral.",OBS_00090,GESTIÓN Y ORGANIZACIÓN,CONOCIMIENTOS (ASESOR BACKOFFICE (CGV)),ASESOR
"El asesor logra una conversación fluida, haciendo mínimo una pregunta o comentario para mantener la interacción continua con el cliente.",OBS_00091,GESTIÓN DE EMOCIONES,CONOCIMIENTOS (ASESOR VENTA Y SERVICIO UNIDAD MERCADO MASIVO (CAV)),ASESOR
"El asesor mantiene una conversación fluida, haciendo preguntas y comentarios para mantener la interacción continua con el cliente.",OBS_00091,GESTIÓN DE EMOCIONES,CONOCIMIENTOS (ASESOR VENTA Y SERVICIO UNIDAD MERCADO MASIVO (CAV)),ASESOR
"El asesor mínimo una vez guía al comercial para hacer un cierre efectivo del proceso, de manera amable y evidente deseo de ayudar.
",,,,
""",""OBS_00092""",SERVICIO AL CLIENTE,CONOCIMIENTOS (ASESOR BACKOFFICE (CGV)),ASESOR,
"El asesor parafrasea las situaciones o datos más relevantes que el cliente manifiesta, demostrando entendimiento de la situación, empatía y genuino interés.",OBS_00093,SERVICIO AL CLIENTE,"CONOCIMIENTOS ASESOR SERVICIO UNIDAD MERCADO MASIVO (CALL, CAV)",ASESOR
"El asesor participa activamente durante los preturnos, haciendo preguntas y aclaraciones sobre cualquier duda en los procesos vigentes o información relevante.",OBS_00094,GESTIÓN Y ORGANIZACIÓN,CONOCIMIENTOS (ASESOR BACKOFFICE (CGV)),ASESOR
"El asesor participa activamente durante los preturnos, haciendo preguntas y aclaraciones sobre cualquier duda en los procesos vigentes o información relevante.
",,,,
""",""OBS_00094""",GESTIÓN Y ORGANIZACIÓN,CONOCIMIENTOS (ASESOR BACKOFFICE (CGV)),ASESOR,
"El asesor participa mínimo una vez en el preturno, haciendo preguntas o aclaraciones sobre cualquier duda en los procesos o información relevante.",OBS_00095,GESTIÓN Y ORGANIZACIÓN,CONOCIMIENTOS (ASESOR VENTA Y SERVICIO UNIDAD MERCADO MASIVO (CAV)),ASESOR
"El asesor pronuncia claramente, lee a una velocidad moderada y marca los signos de puntuación al validar los datos y grabar el contrato, asegurando que el cliente entienda cada paso del proceso.
",,,,
""",""OBS_00096""",SERVICIO AL CLIENTE,CONOCIMIENTOS (ASESOR BACKOFFICE (CGV)),ASESOR,
El asesor proporciona información detallada sobre mínimo un canal o medio de comunicación que el cliente tendrá en cuenta para gestionar sus próximas solicitudes exitosamente.,OBS_00097,SERVICIO AL CLIENTE,CONOCIMIENTOS (ASESOR VENTA Y SERVICIO UNIDAD MERCADO MASIVO (CAV)),ASESOR
"El asesor proporciona instrucciones claras y detalladas sobre el uso correcto de las herramientas de validación, basándose en las políticas de aplicación de cada una.",OBS_00098,SERVICIO AL CLIENTE,CONOCIMIENTOS (ASESOR BACKOFFICE (CGV)),ASESOR
"El asesor proporciona instrucciones claras y detalladas sobre los siguientes pasos, agendamiento, información del producto, al igual que canales y medios de comunicación que el cliente tendrá en cuenta para gestionar su solicitud exitosamente.",OBS_00099,SERVICIO AL CLIENTE,CONOCIMIENTOS (ASESOR BACKOFFICE (CGV)),ASESOR
El asesor realiza mínimo una pregunta abierta para indagar el problema o necesidad del cliente y así lograr un mayor entendimiento de la situación.,OBS_00100,SERVICIO AL CLIENTE,CONOCIMIENTOS (ASESOR VENTA Y SERVICIO UNIDAD MERCADO MASIVO (CAV)),ASESOR
"El asesor realiza siempre de manera cuidadosa la lectura del contrato legal conforme a los parámetros establecidos, asegurando una correcta legalización de la venta.
",,,,
""",""OBS_00101""",GESTIÓN Y ORGANIZACIÓN,CONOCIMIENTOS (ASESOR BACKOFFICE (CGV)),ASESOR,
El asesor revisa mínimo una vez las comunicaciones y actualización internas que informan sobre posibles casos que puedan afectar la calidad del servicio.,OBS_00102,GESTIÓN Y ORGANIZACIÓN,CONOCIMIENTOS (ASESOR VENTA Y SERVICIO UNIDAD MERCADO MASIVO (CAV)),ASESOR
"El asesor se asegura a través de una indagación, con mínimo 2 preguntas cerradas el correcto perfilamiento de la oferta comercial, blindando la calidad de la digitación de la orden y la aplicación de las debidas excepciones de cada canal.
",,,,
""",""OBS_00103""",ADAPTABILIDAD,CONOCIMIENTOS (ASESOR BACKOFFICE (CGV)),ASESOR,
"El asesor se mantiene informado sobre los posibles casos que puedan afectar a los clientes, revisando regularmente las actualizaciones y comunicados internos por medio de Conectados.",OBS_00104,GESTIÓN Y ORGANIZACIÓN,"CONOCIMIENTOS ASESOR SERVICIO UNIDAD MERCADO MASIVO (CALL, CAV)",ASESOR
"El asesor siempre realiza una revisión meticulosa de la  solicitud y de los documentos de respaldo entregados por el comercial (si la solicitud lo requiere), asegurando el ingreso de información y soportes válidos para proceder con el trámite 
",,,,
""",""OBS_00105""",ADAPTABILIDAD,CONOCIMIENTOS (ASESOR BACKOFFICE (CGV)),ASESOR,
"El asesor transmite sensación de comodidad y respeto con el cliente, asegurando distancia, respuestas correctas al lenguaje no verbal, posturas o tonos de voz que reflejen accesibilidad.
",,,,
""",""OBS_00106""",GESTIÓN DE EMOCIONES,CONOCIMIENTOS (ASESOR BACKOFFICE (CGV)),ASESOR,
"El asesor usa de manera correctas las herramientas para generar registros, tipificaciones y escalamientos a través de los debidos procesos establecidos en la organización.
",,,,
""",""OBS_00107""",HABILIDADES DIGITALES,"CONOCIMIENTOS ASESOR SERVICIO UNIDAD MERCADO MASIVO (CALL, CAV)",ASESOR,
"El asesor utiliza minimo una herramienta o método para centralizar la información necesaria para proceder con el trámite, agilizando las tareas manuales y las digitaciones durante la atención.",OBS_00108,GESTIÓN Y ORGANIZACIÓN,CONOCIMIENTOS (ASESOR BACKOFFICE (CGV)),ASESOR
"El consultor agenda mínimo un espacio trimestral con el cliente para indagar nuevas necesidades o expectativas de mejora en el servicio, logrando un mayor entendimiento de la situación.",OBS_00110,HABILIDAD COMERCIAL,CONOCIMIENTOS (CUIDADO AL CLIENTE),CUIDADO AL CLIENTE
El consultor asegura dar respuesta al 100% de los contactos recibidos durante el mismo día.,OBS_00111,PENSAMIENTO ESTRATÉGICO,CONOCIMIENTOS (CUIDADO AL CLIENTE),CUIDADO AL CLIENTE
"El consultor asegura en las herramientas el 100% de los registros, tipificaciones y escalamientos a través de los debidos procesos establecidos en la organización.
",,,,
""",""OBS_00112""",HABILIDADES DIGITALES,CONOCIMIENTOS (CUIDADO AL CLIENTE),CUIDADO AL CLIENTE,
"El consultor asegura la atención de cada una de sus solicitudes, atendiendo y brindando respuesta al 100% de los requerimientos o contacto que se presenten.",OBS_00113,SERVICIO AL CLIENTE,CONOCIMIENTOS (CUIDADO AL CLIENTE),CUIDADO AL CLIENTE
El consultor conoce y domina la totalidad del proceso de ingreso a aplicativos.,OBS_00114,HABILIDADES DIGITALES,CONOCIMIENTOS (CUIDADO AL CLIENTE),CUIDADO AL CLIENTE
"El consultor de manera mensual revisa las bases de clientes, identificando patrones de compra, requerimientos abiertos y niveles de satisfacción, para establecer prioridades en planes de visitas.",OBS_00115,SERVICIO AL CLIENTE,CONOCIMIENTOS (CUIDADO AL CLIENTE),CUIDADO AL CLIENTE
"El consultor domina el 100% los pasos y lineamientos de cada esquema de soporte en los sistemas de información, logrando ejecutar órdenes oportunas.
",,,,
""",""OBS_00116""",HABILIDADES DIGITALES,CONOCIMIENTOS (CUIDADO AL CLIENTE),CUIDADO AL CLIENTE,
"El consultor durante una interacción con el cliente, detecta posibles oportunidades de ampliación o mejora de servicios, documenta la información clave y contacta proactivamente al equipo comercial para coordinar la propuesta y seguimiento, asegurando una respuesta oportuna y alineada con las expectativas del cliente.",OBS_00117,HABILIDAD COMERCIAL,CONOCIMIENTOS (CUIDADO AL CLIENTE),CUIDADO AL CLIENTE
"El consultor formaliza el 100% de los cierres de atención a través de respuesta escrita, consolidando los datos mas relevantes de la atención y el restablecimiento de los servicios.
",,,,
""",""OBS_00118""",SERVICIO AL CLIENTE,CONOCIMIENTOS (CUIDADO AL CLIENTE),CUIDADO AL CLIENTE,
"El consultor presenta durante los últimos 3 meses del contrato, el planteamiento de una nueva propuesta técnica o económica de los servicios brindados al cliente.",OBS_00119,HABILIDAD COMERCIAL,CONOCIMIENTOS (CUIDADO AL CLIENTE),CUIDADO AL CLIENTE
"El consultor realiza acompañamiento al 100% de los cambios contractuales o de implementación, verificando cumplimiento de lo pactado y entendiendo las nuevas especificaciones a brindar y asegurar al cliente. 
",,,,
""",""OBS_00120""",SERVICIO AL CLIENTE,CONOCIMIENTOS (CUIDADO AL CLIENTE),CUIDADO AL CLIENTE,
"El consultor realiza mínimo un chequeo antes de realizar cualquier cierre de atención, validando que la problemática del cliente ha sido solucionada.
",,,,
""",""OBS_00121""",PENSAMIENTO ESTRATÉGICO,CONOCIMIENTOS (CUIDADO AL CLIENTE),CUIDADO AL CLIENTE,
El consultor realiza mínimo una pregunta abierta para indagar el problema o necesidad del cliente y así lograr un mayor entendimiento de la situación.,OBS_00122,SERVICIO AL CLIENTE,CONOCIMIENTOS (CUIDADO AL CLIENTE),CUIDADO AL CLIENTE
"El consultor revisa informes, datos de uso y rendimiento del servicio (ej.: velocidad de internet, historial de facturación) y propone mínimo un ajuste tecnológico o actualización basado en las necesidades del cliente.",OBS_00123,HABILIDAD COMERCIAL,CONOCIMIENTOS (CUIDADO AL CLIENTE),CUIDADO AL CLIENTE
El consultor revisa mínimo una vez a la semana las comunicaciones y actualización internas que informan sobre posibles casos que puedan afectar la calidad del servicio.,OBS_00124,PENSAMIENTO ESTRATÉGICO,CONOCIMIENTOS (CUIDADO AL CLIENTE),CUIDADO AL CLIENTE
El consultor se conecta a las plataformas de aprendizaje y comunicación para informarse sobre campañas vigentes y ofertas a impulsar en la temporada.,OBS_00125,HABILIDADES DIGITALES,CONOCIMIENTOS (CUIDADO AL CLIENTE),CUIDADO AL CLIENTE
"El consultor siempre logra asistir o trasmitir novedades y necesidades al cliente durante el soporte de equipos especializados, dejando registro en las plataformas para lograr la trazabilidad.
",,,,
""",""OBS_00126""",PENSAMIENTO ESTRATÉGICO,CONOCIMIENTOS (CUIDADO AL CLIENTE),CUIDADO AL CLIENTE,
"Emplea plataformas ( ejemplo: PowerBI, Tableau, etc.) de inteligencia de mercado para detectar nuevas tendencias, segmentos de cliente o áreas de mejora que puedan integrarse en su planificación comercial.",OBS_00127,HABILIDADES DIGITALES,"CONOCIMIENTOS (CONSULTOR EMPRESAS Y NEGOCIOS (EMPRESAS, NEGOCIOS))",CONSULTOR
"En caso de ser contactado por  un cliente por un escalamiento no resuelto, el consultor investiga el estado del caso, coordina con las áreas correspondientes e informa al cliente de manera clara sobre los pasos realizados y confirma que sus expectativas han sido atendidas.
",,,,
""",""OBS_00128""",HABILIDADES DIGITALES,CONOCIMIENTOS (CUIDADO AL CLIENTE),CUIDADO AL CLIENTE,
"En caso que aplique según su operación, accede al panel de control de ventas donde registre la información nueva y planifique las acciones siguientes.",OBS_00129,HABILIDADES DIGITALES,"CONOCIMIENTOS (ASESOR VENTA UNIDAD MERCADO MASIVO (TMK,COMERCIAL))",ASESOR
"En caso que la operación no tenga tableros de gestión sistematizados, el asesor por cuenta propia genera los reportes solicitados por su líder para evidenciar su gestión del día/semana",OBS_00130,GESTIÓN Y ORGANIZACIÓN,"CONOCIMIENTOS (ASESOR VENTA UNIDAD MERCADO MASIVO (TMK,COMERCIAL))",ASESOR
"En sus presentaciones de la solución  tiene claro en que momento hacer uso de una  presentación presencial y  virtual, usando los recursos básicos de éstas: Plataforma virtual colaborativa como Mural, Canva, demos.",OBS_00131,HABILIDADES DIGITALES,"CONOCIMIENTOS (CONSULTOR EMPRESAS Y NEGOCIOS (EMPRESAS, NEGOCIOS))",CONSULTOR
"Entiende e identifica con facilidad las principales características de las ofertas, productos y campañas del mes para ofrecerlas al cliente.",OBS_00132,GESTIÓN Y ORGANIZACIÓN,CONOCIMIENTOS (ASESOR VENTA Y SERVICIO UNIDAD MERCADO MASIVO (CAV)),ASESOR
Entiende las necesidades cambiantes de los clientes y gestiona con el equipo interno de Claro oportunamente.,OBS_00133,PENSAMIENTO ESTRATÉGICO,"CONOCIMIENTOS (CONSULTOR EMPRESAS Y NEGOCIOS (EMPRESAS, NEGOCIOS))",CONSULTOR
Es receptivo y propositivo ante los lineamientos realizados por el líder de punto o entrenador.,OBS_00134,GESTIÓN DE EMOCIONES,"CONOCIMIENTOS (ASESOR VENTA UNIDAD MERCADO MASIVO (TMK,COMERCIAL))",ASESOR
Escucha activamente al 100% del staff para identificar problemas y necesidades en el aliado en tiempo real y ofrece oportuna acción.,OBS_00135,APORTE DE VALOR,CONOCIMIENTOS (ESPECIALISTA COMERCIAL),ESPECIALISTA
Escucha con atención las dudas del cliente sin interrumpirlo y responde con argumentos sólidos.,OBS_00136,HABILIDAD COMERCIAL,"CONOCIMIENTOS (ASESOR VENTA UNIDAD MERCADO MASIVO (TMK,COMERCIAL))",ASESOR
"Escucha con atención las dudas del cliente sin interrumpirlo y responde con argumentos sólidos. (lo dejaría en el contacto inicial antes de argumentar , sino parece una venta reactiva)",OBS_00136,HABILIDAD COMERCIAL,"CONOCIMIENTOS (ASESOR VENTA UNIDAD MERCADO MASIVO (TMK,COMERCIAL))",ASESOR
Esta dispuesto a modificar las propuestas y encontrar soluciones creativas que beneficien al aliado para mantener una actitud abierta y receptiva a nuevas ideas.,OBS_00137,ADAPTABILIDAD,CONOCIMIENTOS (ESPECIALISTA COMERCIAL),ESPECIALISTA
"Esta informado sobre campañas vigentes y ofertas a impulsar en la temporada, a través de Conectados como herramienta principal, manteniéndose actualizado y planificando cómo integrarlas en sus interacciones con los clientes.",OBS_00138,HABILIDAD COMERCIAL,"CONOCIMIENTOS ASESOR SERVICIO UNIDAD MERCADO MASIVO (CALL, CAV)",ASESOR
Evalúa y ajusta mensualmente el impacto de las estrategias implementadas en la operación.,OBS_00139,EXCELENCIA,CONOCIMIENTOS (ESPECIALISTA COMERCIAL),ESPECIALISTA
"Explica de manera clara y convincente cómo sus recomendaciones contribuyen al éxito a largo plazo, utilizando datos y hechos como respaldo.",OBS_00140,PENSAMIENTO ESTRATÉGICO,"CONOCIMIENTOS (CONSULTOR EMPRESAS Y NEGOCIOS (EMPRESAS, NEGOCIOS))",CONSULTOR
Genera los reportes solicitados por su líder para evidenciar su gestión del día/semana,OBS_00141,GESTIÓN Y ORGANIZACIÓN,CONOCIMIENTOS (ASESOR VENTA Y SERVICIO UNIDAD MERCADO MASIVO (CAV)),ASESOR
Hace seguimiento / acompañamiento a las áreas involucradas en la implementación de la solución).,OBS_00143,HABILIDAD COMERCIAL,"CONOCIMIENTOS (CONSULTOR EMPRESAS Y NEGOCIOS (EMPRESAS, NEGOCIOS))",CONSULTOR
Hace uso de IA  para la elaboración de sus presentaciones y ofertas iniciales.,OBS_00144,HABILIDADES DIGITALES,"CONOCIMIENTOS (CONSULTOR EMPRESAS Y NEGOCIOS (EMPRESAS, NEGOCIOS))",CONSULTOR
"Hace uso del  social selling para encontrar, conectar, interactuar y construir relaciones con potenciales clientes( hunter - Farmer ).",OBS_00145,HABILIDADES DIGITALES,"CONOCIMIENTOS (CONSULTOR EMPRESAS Y NEGOCIOS (EMPRESAS, NEGOCIOS))",CONSULTOR
"Hacer seguimiento permanente (mínimo 1h a la semana) a la evolución de la propuesta presentada, aclarando dudas y solicitando Feedback.",OBS_00146,HABILIDADES DIGITALES,"CONOCIMIENTOS (CONSULTOR EMPRESAS Y NEGOCIOS (EMPRESAS, NEGOCIOS))",CONSULTOR
"Inicia la conversación con un saludo energético, claro y profesional, acompañado de un comentario personalizado relevante para el prospecto.",OBS_00148,HABILIDAD COMERCIAL,"CONOCIMIENTOS (ASESOR VENTA UNIDAD MERCADO MASIVO (TMK,COMERCIAL))",ASESOR
"Interactúa con el contacto objetivo dentro de la empresa y su comunidad, ofreciendo un producto acorde a la necesidad del negocio (aplica para Pyme), y en el caso de Grandes Empresas ofrece un ecosistema integral de productos.",OBS_00149,HABILIDAD COMERCIAL,"CONOCIMIENTOS (CONSULTOR EMPRESAS Y NEGOCIOS (EMPRESAS, NEGOCIOS))",CONSULTOR
"La actitud proyectada hacia el cliente es amable y cercana, dejando clara la intención de accesibilidad y disposición de la compañía para solucionar cualquier novedad que el cliente pueda presentar.",OBS_00150,SERVICIO AL CLIENTE,"CONOCIMIENTOS ASESOR SERVICIO UNIDAD MERCADO MASIVO (CALL, CAV)",ASESOR
Lleva  trazabilidad del estado de las acciones o requerimientos ejecutados con el cliente a nivel empresarial e individual y comunica a tiempo las novedades.,OBS_00151,PENSAMIENTO ESTRATÉGICO,"CONOCIMIENTOS (CONSULTOR EMPRESAS Y NEGOCIOS (EMPRESAS, NEGOCIOS))",CONSULTOR
Llevar trazabilidad del estado de las acciones o requerimientos ejecutados en el cliente a nivel empresarial e individual y comunicarlas a tiempo.,OBS_00151,PENSAMIENTO ESTRATÉGICO,"CONOCIMIENTOS (CONSULTOR EMPRESAS Y NEGOCIOS (EMPRESAS, NEGOCIOS))",CONSULTOR
"Logra diferenciar las capacidades y valor de su solución en comparación con otras alternativas, conectando las soluciones  con las prioridades del cliente y los tomadores de decisiones.",OBS_00152,HABILIDAD COMERCIAL,"CONOCIMIENTOS (CONSULTOR EMPRESAS Y NEGOCIOS (EMPRESAS, NEGOCIOS))",CONSULTOR
"Logra identificar, resolver o notificar cualquier novedad en sus herramientas de trabajo, siendo oportuno en la resolución o escalamientos de problemas técnicos que pueda presentar.",OBS_00153,GESTIÓN Y ORGANIZACIÓN,CONOCIMIENTOS (ASESOR BACKOFFICE (CGV)),ASESOR
"Maneja adecuadamente el 100% de las herramientas (Conectados) de comunicación digitales para consultar procesos, ofertas, producto.",OBS_00154,HABILIDADES DIGITALES,CONOCIMIENTOS (ASESOR VENTA Y SERVICIO UNIDAD MERCADO MASIVO (CAV)),ASESOR
"Maneja adecuadamente el 100% de las herramientas de comunicación digitales para consultar procesos, ofertas, producto.",OBS_00154,HABILIDADES DIGITALES,CONOCIMIENTOS (ASESOR VENTA Y SERVICIO UNIDAD MERCADO MASIVO (CAV)),ASESOR
"Mantener un canal de comunicación constante con el cliente, mostrándose empático, cercano y disponible para cubrir sus necesidades.",OBS_00155,HABILIDAD COMERCIAL,"CONOCIMIENTOS (CONSULTOR EMPRESAS Y NEGOCIOS (EMPRESAS, NEGOCIOS))",CONSULTOR
"Mantiene comunicación constante y efectiva con supervisores, jefes de operaciones, BackOffice, áreas de calidad y trasversales para que estén alineados y lograr los objetivos comunes",OBS_00156,COLABORACIÓN,CONOCIMIENTOS (ESPECIALISTA COMERCIAL),ESPECIALISTA
"Mantiene en todo el contacto un tono de voz calmado, seguro y profesional, incluso cuando el cliente manifiesta resistencia o negatividad",OBS_00157,GESTIÓN DE EMOCIONES,"CONOCIMIENTOS (ASESOR VENTA UNIDAD MERCADO MASIVO (TMK,COMERCIAL))",ASESOR
"Mantiene en todo el contacto un tono de voz calmado, seguro y profesional, incluso cuando el cliente manifiesta resistencia o negatividad.",OBS_00157,GESTIÓN DE EMOCIONES,"CONOCIMIENTOS (ASESOR VENTA UNIDAD MERCADO MASIVO (TMK,COMERCIAL))",ASESOR
"Mantiene la calma  y su lenguaje corporal en situaciones difíciles, usando un tono de voz controlado y una postura corporal de apertura.",OBS_00158,GESTIÓN DE EMOCIONES,CONOCIMIENTOS (ASESOR BACKOFFICE (CGV)),ASESOR
"Mantiene la calma y su lenguaje corporal en situaciones difíciles, usando un tono de voz controlado y una postura corporal de apertura.",OBS_00158,GESTIÓN DE EMOCIONES,CONOCIMIENTOS (ASESOR BACKOFFICE (CGV)),ASESOR
"Mantiene la calma y su lenguaje corporal en situaciones difíciles, usando un tono de voz controlado, pausado, sin interrumpir al cliente  y una postura corporal de apertura.",OBS_00158,GESTIÓN DE EMOCIONES,CONOCIMIENTOS (ASESOR BACKOFFICE (CGV)),ASESOR
"Mantiene la calma y su lenguaje corporal en situaciones difíciles, usando un tono de voz controlado, pausado, sin interrupciones y una postura corporal de apertura.",OBS_00158,GESTIÓN DE EMOCIONES,CONOCIMIENTOS (ASESOR BACKOFFICE (CGV)),ASESOR
Mantiene la compostura y responde de manera empática cuando el cliente manifiesta una insatisfacción.,OBS_00159,GESTIÓN DE EMOCIONES,"CONOCIMIENTOS (CONSULTOR EMPRESAS Y NEGOCIOS (EMPRESAS, NEGOCIOS))",CONSULTOR
"Mantiene un canal de comunicación constante con el cliente, mostrándose empático, cercano y disponible para cubrir sus necesidades.",OBS_00160,PENSAMIENTO ESTRATÉGICO,"CONOCIMIENTOS (CONSULTOR EMPRESAS Y NEGOCIOS (EMPRESAS, NEGOCIOS))",CONSULTOR
"Mantiene una postura positiva ante una respuesta negativa del cliente, sin dejarse llevar por la frustración para las siguientes atenciones",OBS_00161,GESTIÓN DE EMOCIONES,"CONOCIMIENTOS (ASESOR VENTA UNIDAD MERCADO MASIVO (TMK,COMERCIAL))",ASESOR
"Mantiene una relación de colaboración, compartiendo conocimientos que van más allá de las necesidades actuales del cliente, y posicionándose como un asesor de confianza desde el contacto inicial.",OBS_00162,PENSAMIENTO ESTRATÉGICO,"CONOCIMIENTOS (CONSULTOR EMPRESAS Y NEGOCIOS (EMPRESAS, NEGOCIOS))",CONSULTOR
Mensualmente genera espacios de escucha y retroalimentación con los Lideres sobre las bases de datos y como ajustarlas.,OBS_00163,ANÁLITICA Y TOMA DE DECISIONES,CONOCIMIENTOS (ESPECIALISTA COMERCIAL),ESPECIALISTA
"Notifica cualquier novedad con su líder, busca fuentes para resolver las dudas que tenga",OBS_00164,GESTIÓN Y ORGANIZACIÓN,"CONOCIMIENTOS (ASESOR VENTA UNIDAD MERCADO MASIVO (TMK,COMERCIAL))",ASESOR
Participa activamente en el análisis de resultados de ventas para proponer semanalmente mínimo una estrategia comercial basada en hallazgos.,OBS_00165,APORTE DE VALOR,CONOCIMIENTOS (ESPECIALISTA COMERCIAL),ESPECIALISTA
Participa activamente en la operación para adaptar estrategias comerciales optimizando el manejo de bases de datos entregadas al aliado.,OBS_00166,ADAPTABILIDAD,CONOCIMIENTOS (ESPECIALISTA COMERCIAL),ESPECIALISTA
"Participa en los espacios de preturno, preguntando, aportando e integrándose en la conversación.",OBS_00167,GESTIÓN DE EMOCIONES,"CONOCIMIENTOS (ASESOR VENTA UNIDAD MERCADO MASIVO (TMK,COMERCIAL))",ASESOR
"Participa mínimo una vez en las actividades operativas para identificar las necesidades y expectativas del staff, y favorecer la toma de decisiones.",OBS_00168,COLABORACIÓN,CONOCIMIENTOS (ESPECIALISTA COMERCIAL),ESPECIALISTA
Pregunta si la explicación ha cubierto todas sus dudas o si hay algo más que le gustaría saber antes de tomar una decisión.,OBS_00169,HABILIDAD COMERCIAL,"CONOCIMIENTOS (ASESOR VENTA UNIDAD MERCADO MASIVO (TMK,COMERCIAL))",ASESOR
"Preparar y organiza la información del cliente y del portafolio de productos, dándole celeridad al proceso de desarrollo de la solución.",OBS_00170,PENSAMIENTO ESTRATÉGICO,"CONOCIMIENTOS (CONSULTOR EMPRESAS Y NEGOCIOS (EMPRESAS, NEGOCIOS))",CONSULTOR
"Previo a las reuniones, revisa el estado de avance de proyectos anteriores, las novedades del cliente y el sector, así como los resultados esperados de la gestión de la base de clientes.",OBS_00171,HABILIDAD COMERCIAL,"CONOCIMIENTOS (CONSULTOR EMPRESAS Y NEGOCIOS (EMPRESAS, NEGOCIOS))",CONSULTOR
"Prioriza la gestión de prospectos considerando; fuente, acceso, calidad de información, potencial comercial.",OBS_00172,HABILIDAD COMERCIAL,"CONOCIMIENTOS (CONSULTOR EMPRESAS Y NEGOCIOS (EMPRESAS, NEGOCIOS))",CONSULTOR
Prioriza lo urgente e importante para optimizar el tiempo y esfuerzo requerido para ejecutar las estrategias y/o planes de acción.,OBS_00173,EXCELENCIA,CONOCIMIENTOS (ESPECIALISTA COMERCIAL),ESPECIALISTA
"Promover con el cliente reuniones de seguimiento de gestión ,  revisar check list de la reunión con los temas que se van a tratar .",OBS_00174,HABILIDAD COMERCIAL,"CONOCIMIENTOS (CONSULTOR EMPRESAS Y NEGOCIOS (EMPRESAS, NEGOCIOS))",CONSULTOR
"Promueve con el cliente reuniones de seguimiento de gestión, realizando check list de la reunión con los temas que se van a tratar.",OBS_00174,HABILIDAD COMERCIAL,"CONOCIMIENTOS (CONSULTOR EMPRESAS Y NEGOCIOS (EMPRESAS, NEGOCIOS))",CONSULTOR
"Propone alternativas originales para resolver problemas, considerando tanto las necesidades inmediatas como los objetivos estratégicos.",OBS_00175,PENSAMIENTO ESTRATÉGICO,"CONOCIMIENTOS (CONSULTOR EMPRESAS Y NEGOCIOS (EMPRESAS, NEGOCIOS))",CONSULTOR
"Propone mínimo una mejora de los procesos de trabajo del aliado en el preturno, según los retos identificados en el seguimiento diario.",OBS_00176,ADAPTABILIDAD,CONOCIMIENTOS (ESPECIALISTA COMERCIAL),ESPECIALISTA
Propone una vez al mes un tema de capacitación que movilice los resultados operativos y comerciales del aliado.,OBS_00177,LIDERAZGO,CONOCIMIENTOS (ESPECIALISTA COMERCIAL),ESPECIALISTA
"Reacciona con calma ante métricas bajas, evitando desmotivaciones visibles.",OBS_00178,GESTIÓN DE EMOCIONES,"CONOCIMIENTOS (ASESOR VENTA UNIDAD MERCADO MASIVO (TMK,COMERCIAL))",ASESOR
"Reacciona con calma ante métricas bajas, evitando frustraciones visibles.",OBS_00178,GESTIÓN DE EMOCIONES,"CONOCIMIENTOS (ASESOR VENTA UNIDAD MERCADO MASIVO (TMK,COMERCIAL))",ASESOR
Realiza como mínimo 2 preguntas abiertas para generar el dialogo y detectar la necesidad de una manera rápida. En caso de TMK las preguntas deben ser claves y no exceder un numero de preguntas sin foco,OBS_00179,HABILIDAD COMERCIAL,"CONOCIMIENTOS (ASESOR VENTA UNIDAD MERCADO MASIVO (TMK,COMERCIAL))",ASESOR
Realiza como mínimo 2 preguntas abiertas para generar el diálogo y detectar la necesidad de una manera rápida. En caso de TMK las preguntas deben ser claves y no exceder un número de preguntas sin foco.,OBS_00179,HABILIDAD COMERCIAL,"CONOCIMIENTOS (ASESOR VENTA UNIDAD MERCADO MASIVO (TMK,COMERCIAL))",ASESOR
"Realiza consultas en las plataformas disponibles de Claro el potencial de los clientes asignados, o la base asignada antes de programar las visitas y gestiones comerciales a realizar.",OBS_00180,HABILIDAD COMERCIAL,"CONOCIMIENTOS (CONSULTOR EMPRESAS Y NEGOCIOS (EMPRESAS, NEGOCIOS))",CONSULTOR
Realiza control y seguimiento de indicadores de productividad en diferentes periodos (3 veces al día) además de utilizar datos recopilados en la operación para sustentar decisiones estratégicas y/o acciones correctivas.,OBS_00181,ANÁLITICA Y TOMA DE DECISIONES,CONOCIMIENTOS (ESPECIALISTA COMERCIAL),ESPECIALISTA
Realiza diariamente un mapeo detallado de los procesos operativos y comerciales para identificar áreas de mejora.,OBS_00182,EXCELENCIA,CONOCIMIENTOS (ESPECIALISTA COMERCIAL),ESPECIALISTA
"Realiza el proceso de cierre de la solicitud del cliente de forma eficiente y eficaz, validando que se cumpla con el 100%  general de la venta (digitación,  legalización, instalación, etc.)",OBS_00183,GESTIÓN Y ORGANIZACIÓN,"CONOCIMIENTOS (ASESOR VENTA UNIDAD MERCADO MASIVO (TMK,COMERCIAL))",ASESOR
"Realiza el proceso de cierre de la solicitud del cliente de forma rápida, dando paso al siguiente cliente ágilmente.",OBS_00184,GESTIÓN Y ORGANIZACIÓN,CONOCIMIENTOS (ASESOR VENTA Y SERVICIO UNIDAD MERCADO MASIVO (CAV)),ASESOR
"Realiza la planeación mensual y/o semanal, según las metas y requerimientos del canal, programando con anterioridad y agendando las citas y actividades a desarrollar.
",,,,
""",""OBS_00185""",HABILIDAD COMERCIAL,CONOCIMIENTOS (CONSULTOR EMPRESAS Y NEGOCIOS),CONSULTOR,
"Realiza llamadas periódicas o envía mensajes para consultar el estado del servicio y posibles requerimientos futuros. Escucha activamente las inquietudes del cliente y toma medidas preventivas, como programar visitas o coordinar con otras áreas, para ofrecer soluciones antes de que se conviertan en problemas.",OBS_00186,SERVICIO AL CLIENTE,CONOCIMIENTOS (CUIDADO AL CLIENTE),CUIDADO AL CLIENTE
"Realiza mínimo de manera semanal una priorización de la base de clientes de acuerdo con los criterios de priorización definidos (impacto, beneficio, tiempo).",OBS_00187,PENSAMIENTO ESTRATÉGICO,"CONOCIMIENTOS (CONSULTOR EMPRESAS Y NEGOCIOS (EMPRESAS, NEGOCIOS))",CONSULTOR
"Realiza un análisis de mercado, de acuerdo con el sector pertenece el cliente, garantizando mínimo conocer; Tamaño del sector, principales clientes, soluciones de tecnología en tendencia para el sector.",OBS_00188,HABILIDAD COMERCIAL,"CONOCIMIENTOS (CONSULTOR EMPRESAS Y NEGOCIOS (EMPRESAS, NEGOCIOS))",CONSULTOR
"Reconoce las ventajas competitivas claves de la oferta, así como las debilidades frente a la competencia, previendo dichas situaciones  por medio de planes de acción.",OBS_00189,HABILIDAD COMERCIAL,"CONOCIMIENTOS (CONSULTOR EMPRESAS Y NEGOCIOS (EMPRESAS, NEGOCIOS))",CONSULTOR
"Refleja autocontrol al comunicar sus hallazgos, usando un lenguaje positivo y profesional",OBS_00190,GESTIÓN DE EMOCIONES,"CONOCIMIENTOS (ASESOR VENTA UNIDAD MERCADO MASIVO (TMK,COMERCIAL))",ASESOR
"Refleja autocontrol al comunicar sus hallazgos, usando un lenguaje positivo y profesional.",OBS_00190,GESTIÓN DE EMOCIONES,"CONOCIMIENTOS (ASESOR VENTA UNIDAD MERCADO MASIVO (TMK,COMERCIAL))",ASESOR
"Reformula la objeción para convertirla en una oportunidad. Ofreciendo información adicional o una solución especifica que refuerce el valor del producto. Ejemplo: 'Entiendo / Comprendo que el costo es un factor importante para ti. Sin embargo, nuestro paquete de internet ofrece una velocidad significativamente mayor y una conexión más estable, lo que puede mejorar tu experiencia en línea y aumentar tu productividad'",OBS_00191,HABILIDAD COMERCIAL,CONOCIMIENTOS (ASESOR VENTA Y SERVICIO UNIDAD MERCADO MASIVO (CAV)),ASESOR
Responde de manera constructiva aportando a la solución frente a críticas en lugar de defensivamente.,OBS_00192,GESTIÓN DE EMOCIONES,"CONOCIMIENTOS (CONSULTOR EMPRESAS Y NEGOCIOS (EMPRESAS, NEGOCIOS))",CONSULTOR
"Responde las objeciones proporcionando enlaces  y/o mencionándolos, dirigiéndolo a documentos, videos explicativos, remitiendo a la pagina web, que complementan su argumentación.",OBS_00193,HABILIDADES DIGITALES,CONOCIMIENTOS (ASESOR VENTA Y SERVICIO UNIDAD MERCADO MASIVO (CAV)),ASESOR
"Responde las objeciones proporcionando enlaces a documentos, videos explicativos, remitiendo a la pagina web, que complementan su argumentación.",OBS_00193,HABILIDADES DIGITALES,CONOCIMIENTOS (ASESOR VENTA Y SERVICIO UNIDAD MERCADO MASIVO (CAV)),ASESOR
"Responde las objeciones proporcionando enlaces a documentos, videos explicativos, remitiendo a la página web, que complementan su argumentación.",OBS_00193,HABILIDADES DIGITALES,CONOCIMIENTOS (ASESOR VENTA Y SERVICIO UNIDAD MERCADO MASIVO (CAV)),ASESOR
"Revisa de manera detallada el historial del cliente, con base en esta información, elabora mínimo una estrategia de solución alineada a las necesidades y contexto del cliente.
",,,,
""",""OBS_00194""",HABILIDAD COMERCIAL,CONOCIMIENTOS (CUIDADO AL CLIENTE),CUIDADO AL CLIENTE,
Revisa y actualiza los posibles casos que puedan llegar a afectar a un cliente y mantiene la herramienta de soporte de la operación lista para dicho proceso.,OBS_00195,GESTIÓN Y ORGANIZACIÓN,"CONOCIMIENTOS (ASESOR VENTA UNIDAD MERCADO MASIVO (TMK,COMERCIAL))",ASESOR
Se apalanca en la red interna y externa para consultar información de las bases de empresas.,OBS_00196,HABILIDADES DIGITALES,"CONOCIMIENTOS (CONSULTOR EMPRESAS Y NEGOCIOS (EMPRESAS, NEGOCIOS))",CONSULTOR
"Se asegura de estar alineado a los estándares de experiencia de la compañía, con aspectos como conocer el nombre el cliente, información de la compañía y frases que expresen disposición de servicio.",OBS_00197,SERVICIO AL CLIENTE,CONOCIMIENTOS (ASESOR BACKOFFICE (CGV)),ASESOR
"Se asegura de estar alineado a los protocolos de actuación establecidos por la compañía, con aspectos como conocer el nombre el cliente, información de la compañía y frases que expresen disposición de servicio.",OBS_00197,SERVICIO AL CLIENTE,CONOCIMIENTOS (ASESOR BACKOFFICE (CGV)),ASESOR
Se conecta al inicio del turno a las plataformas de aprendizaje y comunicación  (Conectados) para informarse sobre campañas vigentes y ofertas a impulsar en la temporada.,OBS_00198,HABILIDADES DIGITALES,CONOCIMIENTOS (ASESOR VENTA Y SERVICIO UNIDAD MERCADO MASIVO (CAV)),ASESOR
"Se evidencia esta  informado sobre campañas vigentes y ofertas a impulsar en la temporada, ya que se evidencia consulta de manera permanente la herramienta de comunicación Conectados, manteniéndose actualizado y planificando cómo integrarlas en sus interacciones con los clientes.",OBS_00199,GESTIÓN Y ORGANIZACIÓN,CONOCIMIENTOS (ASESOR BACKOFFICE (CGV)),ASESOR
"Semanalmente ofrece retroalimentación personalizada a los lideres (Calidad, formación, operación y BackOffice) para mejorar su desempeño.",OBS_00200,LIDERAZGO,CONOCIMIENTOS (ESPECIALISTA COMERCIAL),ESPECIALISTA
"Si dispone de los recursos como volantes, videos, POP, 'speech' de campañas etc, hace un buen uso del mismo, para su contacto inicial.",OBS_00201,GESTIÓN Y ORGANIZACIÓN,"CONOCIMIENTOS (ASESOR VENTA UNIDAD MERCADO MASIVO (TMK,COMERCIAL))",ASESOR
Si dispone del tiempo en su preturno dedica minimo un porcentaje del tiempo a estudiar las características y beneficios de nuevos productos / PTAR  para poder ofrecer recomendaciones informadas.,OBS_00202,HABILIDAD COMERCIAL,CONOCIMIENTOS (ASESOR VENTA Y SERVICIO UNIDAD MERCADO MASIVO (CAV)),ASESOR
Si dispone del tiempo en su preturno dedica mínimo un porcentaje del tiempo a estudiar las características y beneficios de nuevos productos / PTAR  para poder ofrecer recomendaciones informadas.,OBS_00202,HABILIDAD COMERCIAL,CONOCIMIENTOS (ASESOR VENTA Y SERVICIO UNIDAD MERCADO MASIVO (CAV)),ASESOR
"Si el cliente le menciona como objeción una ventaja de la competencia; Se evidencia que el asesor conoce  los productos de la competencia, para tener mayor argumentos para resaltar las ofertas y productos de Claro.",OBS_00203,GESTIÓN Y ORGANIZACIÓN,"CONOCIMIENTOS (ASESOR VENTA UNIDAD MERCADO MASIVO (TMK,COMERCIAL))",ASESOR
"Si el cliente le menciona como objeción una ventaja de la competencia; se evidencia que el asesor conoce  los productos de la competencia, para tener mayor argumentos y resaltar los beneficios y ventajas que tiene las ofertas y productos de Claro.",OBS_00203,GESTIÓN Y ORGANIZACIÓN,"CONOCIMIENTOS (ASESOR VENTA UNIDAD MERCADO MASIVO (TMK,COMERCIAL))",ASESOR
"Si el cliente le menciona como objeción una ventaja de la competencia; Se evidencia que el asesor conoce  los productos de la competencia, para tener mayor argumentos y resaltar los beneficios y ventajas que tiene las ofertas y productos de Claro.",OBS_00203,GESTIÓN Y ORGANIZACIÓN,"CONOCIMIENTOS (ASESOR VENTA UNIDAD MERCADO MASIVO (TMK,COMERCIAL))",ASESOR
"Si el cliente le menciona como objeción una ventaja de la competencia; Se evidencia que el asesor conoce  los productos de la competencia, para tener mayores argumentos para resaltar las ofertas y productos de Claro.",OBS_00203,GESTIÓN Y ORGANIZACIÓN,"CONOCIMIENTOS (ASESOR VENTA UNIDAD MERCADO MASIVO (TMK,COMERCIAL))",ASESOR
"Si el cliente lo solicita: Presenta ejemplos concretos, estadísticas o historias de éxito relevantes para el cliente.",OBS_00204,HABILIDADES DIGITALES,"CONOCIMIENTOS (ASESOR VENTA UNIDAD MERCADO MASIVO (TMK,COMERCIAL))",ASESOR
"Si los dispone, hace uso de recursos tecnológicos IA  que su  BPO o la operación le provee para apoyarse en el ejercicio de la venta",OBS_00205,HABILIDADES DIGITALES,"CONOCIMIENTOS (ASESOR VENTA UNIDAD MERCADO MASIVO (TMK,COMERCIAL))",ASESOR
"Su inicio de contacto se basa en establecer relaciones organizacionales, antes que ofrecer el portafolio de productos.",OBS_00206,HABILIDAD COMERCIAL,"CONOCIMIENTOS (CONSULTOR EMPRESAS Y NEGOCIOS (EMPRESAS, NEGOCIOS))",CONSULTOR
"Tiene claro que en su negociación ambas partes deben salir ganando, comprendiendo tanto sus propias necesidades como las de la empresa. Su enfoque busca siempre el beneficio mutuo (win-win), con el objetivo de fortalecer relaciones duraderas con los clientes.",OBS_00207,HABILIDAD COMERCIAL,CONOCIMIENTOS (CONSULTOR EMPRESAS Y NEGOCIOS),CONSULTOR
Tiene identificado el mapa de poder dentro de la cuenta. Mínimo identifica 2 interlocutores claves y decisores de la solución a implementar y genera  una estrategia para abordaje y relacionamiento.,OBS_00208,PENSAMIENTO ESTRATÉGICO,"CONOCIMIENTOS (CONSULTOR EMPRESAS Y NEGOCIOS (EMPRESAS, NEGOCIOS))",CONSULTOR
"Toma decisiones basadas en datos concretos, evaluando tendencias, números e indicadores relevantes para la situación del cliente",OBS_00209,PENSAMIENTO ESTRATÉGICO,"CONOCIMIENTOS (CONSULTOR EMPRESAS Y NEGOCIOS (EMPRESAS, NEGOCIOS))",CONSULTOR
"Transforma la objeción para convertirla en una oportunidad. Ofreciendo información adicional o una solución especifica que refuerce el valor del producto. Ejemplo: 'Entiendo / Comprendo que el costo es un factor importante para ti. Sin embargo, nuestro paquete de internet ofrece una velocidad significativamente mayor y una conexión más estable, lo que puede mejorar tu experiencia en línea y aumentar tu productividad'",OBS_00210,HABILIDAD COMERCIAL,"CONOCIMIENTOS (ASESOR VENTA UNIDAD MERCADO MASIVO (TMK,COMERCIAL))",ASESOR
"Tras cada interacción, el consultor registra con precisión los detalles en el sistema CRM y envía un correo o mensaje al cliente confirmando los acuerdos y próximas acciones, como citas o ajustes en el servicio.
",,,,
""",""OBS_00211""",PENSAMIENTO ESTRATÉGICO,CONOCIMIENTOS (CUIDADO AL CLIENTE),CUIDADO AL CLIENTE,
"Usa herramientas digitales para un seguimiento personalizado, como CRM o SF, monitoreando el estado de la compra, programando recordatorios automáticos.",OBS_00212,HABILIDADES DIGITALES,"CONOCIMIENTOS (CONSULTOR EMPRESAS Y NEGOCIOS (EMPRESAS, NEGOCIOS))",CONSULTOR
"Utiliza adecuadamente herramientas digitales (meiling, videollamadas, plataformas de contacto, MSM), para hacer los primeros contactos con el cliente para concretar citas y espacios en los cuales pueda iniciar la gestión comercial, no para vender en frio.",OBS_00213,HABILIDADES DIGITALES,"CONOCIMIENTOS (CONSULTOR EMPRESAS Y NEGOCIOS (EMPRESAS, NEGOCIOS))",CONSULTOR
"Utiliza herramientas digitales como  CRM, para análisis de datos y de esta manera segmentar su base de clientes e identificar patrones de compra.",OBS_00214,HABILIDADES DIGITALES,"CONOCIMIENTOS (CONSULTOR EMPRESAS Y NEGOCIOS (EMPRESAS, NEGOCIOS))",CONSULTOR
"Utiliza herramientas digitales en la argumentación como presentaciones interactivas, simuladores de uso del producto o videos demostrativos en tiempo real para destacar beneficios claves.",OBS_00215,HABILIDADES DIGITALES,"CONOCIMIENTOS (CONSULTOR EMPRESAS Y NEGOCIOS (EMPRESAS, NEGOCIOS))",CONSULTOR
"Utiliza herramientas externas como redes sociales como: LinkedIn - Instagram , motores de búsqueda y bases de datos digitales para investigar perfiles potenciales.",OBS_00216,HABILIDADES DIGITALES,"CONOCIMIENTOS (CONSULTOR EMPRESAS Y NEGOCIOS (EMPRESAS, NEGOCIOS))",CONSULTOR
Utiliza las herramientas y canales de comunicación como Conectados dispuestos por la organización  para tener a la mano información de productos y procesos.,OBS_00217,HABILIDADES DIGITALES,"CONOCIMIENTOS ASESOR SERVICIO UNIDAD MERCADO MASIVO (CALL, CAV)",ASESOR
Utiliza un tono conversacional amigable pero enérgico y un lenguaje sencillo evitando tecnicismos y centrando siempre su discurso en el producto,OBS_00218,GESTIÓN DE EMOCIONES,"CONOCIMIENTOS (ASESOR VENTA UNIDAD MERCADO MASIVO (TMK,COMERCIAL))",ASESOR
"Domina y tiene a la mano las herramientas y portafolio de productos, en caso de requerir modificaciones o adiciones en los servicios del cliente. 
",,,,
""",""OBS_00220""",GESTIÓN Y ORGANIZACIÓN,"CONOCIMIENTOS ASESOR SERVICIO UNIDAD MERCADO MASIVO (CALL, CAV)",ASESOR,
"El asesor conscientemente transmite sensación de comodidad a través de una distancia y postura respetuosa, o un tono de voz que refleje accesibilidad.",OBS_00221,SERVICIO AL CLIENTE,CONOCIMIENTOS (ASESOR VENTA Y SERVICIO UNIDAD MERCADO MASIVO (CAV)),ASESOR
"El asesor llega a su lugar de trabajo con una actitud positiva, mostrando entusiasmo y disposición para comenzar su jornada laboral.",OBS_00222,GESTIÓN DE EMOCIONES,"CONOCIMIENTOS (ASESOR VENTA UNIDAD MERCADO MASIVO (TMK,COMERCIAL))",ASESOR
"El asesor llega a su lugar de trabajo con una actitud positiva, mostrando entusiasmo y disposición para comenzar su jornada laboral. Saluda a sus compañeros de manera amable.
",,,,
""",""OBS_00222""",GESTIÓN DE EMOCIONES,"CONOCIMIENTOS (ASESOR VENTA UNIDAD MERCADO MASIVO (TMK,COMERCIAL))",ASESOR,
"Ante un cliente difícil, mantiene la calma y pide al cliente contarle su situación de una forma calmada, mostrando disposición por resolverla.",OBS_00223,GESTIÓN DE EMOCIONES,CONOCIMIENTOS (ASESOR VENTA Y SERVICIO UNIDAD MERCADO MASIVO (CAV)),ASESOR
"El asesor parafrasea al final del diagnóstico las situaciones o datos más relevantes que el cliente manifiesta, logrando expresar empatía e interés.",OBS_00224,SERVICIO AL CLIENTE,CONOCIMIENTOS (ASESOR VENTA Y SERVICIO UNIDAD MERCADO MASIVO (CAV)),ASESOR
"El asesor, independientemente del resultado de la interacción, logra mantener una postura serena, positiva y amable al finalizar contacto, para recibir al siguiente cliente con la misma disposición alegre.
",,,,
""",""OBS_00225""",GESTIÓN DE EMOCIONES,"CONOCIMIENTOS ASESOR SERVICIO UNIDAD MERCADO MASIVO (CALL, CAV)",ASESOR,
"Mantiene la calma ante situaciones difíciles, usando un tono de voz controlado, pausado, sin interrumpir el cliente y una postura corporal de apertura.",OBS_00226,GESTIÓN DE EMOCIONES,"CONOCIMIENTOS ASESOR SERVICIO UNIDAD MERCADO MASIVO (CALL, CAV)",ASESOR
"Utiliza un tono conversacional y un lenguaje sencillo, evitando un discurso genérico y centrándose en el producto.",OBS_00227,GESTIÓN DE EMOCIONES,CONOCIMIENTOS (ASESOR VENTA Y SERVICIO UNIDAD MERCADO MASIVO (CAV)),ASESOR
"El asesor, independientemente del resultado de la interacción, logra mantener una postura serena, positiva y amable al finalizar contacto, para contactar al siguiente cliente con la misma disposición alegre.
",,,,
""",""OBS_00228""",GESTIÓN DE EMOCIONES,CONOCIMIENTOS (ASESOR BACKOFFICE (CGV)),ASESOR,
"Inicia la conversación con un saludo energético, claro y profesional, acompañado de un comentario personalizado relevante para el cliente.",OBS_00229,HABILIDAD COMERCIAL,CONOCIMIENTOS (ASESOR VENTA Y SERVICIO UNIDAD MERCADO MASIVO (CAV)),ASESOR
"El asesor proporciona instrucciones claras y detalladas sobre los siguientes pasos, canales y medios de comunicación que el cliente tendrá en cuenta para gestionar su solicitud exitosamente.",OBS_00231,SERVICIO AL CLIENTE,"CONOCIMIENTOS ASESOR SERVICIO UNIDAD MERCADO MASIVO (CALL, CAV)",ASESOR
Realiza como mínimo 2 preguntas abiertas para generar el dialogo e identificar la necesidad o solicitud de una manera rápida.,OBS_00232,HABILIDAD COMERCIAL,CONOCIMIENTOS (ASESOR VENTA Y SERVICIO UNIDAD MERCADO MASIVO (CAV)),ASESOR
Utiliza las herramientas (Conectados) y canales de comunicación dispuestos por la organización  para tener a la mano información de productos y procesos.,OBS_00233,ADAPTABILIDAD,CONOCIMIENTOS (ASESOR BACKOFFICE (CGV)),ASESOR
"Al finalizar el contacto, realiza 100% de cierres de ordenes en plataforma, emite información de trazabilidad del contacto y cualquier procedimiento es transferido a áreas encargadas.
",,,,
""",""OBS_00234""",GESTIÓN Y ORGANIZACIÓN,CONOCIMIENTOS (ASESOR VENTA Y SERVICIO UNIDAD MERCADO MASIVO (CAV)),ASESOR,
"Ante la identificación de un cliente difícil, mantiene la calma, demostrando interés en la atención, siendo claro, evitando interrupciones y respondiendo de manera empática.",OBS_00235,,CONOCIMIENTOS (ASESOR VENTA UNIDAD MERCADO MASIVO (TMK) E-Commerce),ASESOR
"Durante el cierre de la venta, el asesor refuerza el acuerdo utilizando lenguaje positivo, con frases como: 'Excelente decisión', 'Estoy seguro de que te irá muy bien con este producto/servicio', 'Gracias por confiar en nosotros'....",OBS_00236,,CONOCIMIENTOS (ASESOR VENTA UNIDAD MERCADO MASIVO (TMK) E-Commerce),ASESOR
"Durante el manejo de objeciones, el asesor demuestra empatía utilizando frases puente como: 'Entiendo lo que dices', 'Comprendo tu preocupación', 'Es válido lo que mencionas', 'Tiene sentido lo que comentas', 'Te agradezco que compartas eso...con el fin de mantener una comunicación personalizada.",OBS_00237,,CONOCIMIENTOS (ASESOR VENTA UNIDAD MERCADO MASIVO (TMK) E-Commerce),ASESOR
"Conduce la conversación de forma ordenada, asegurando la comprensión del cliente y el uso efectivo del tiempo. Atiende y responde puntualmente cada objeción, evitando distracciones, para mantener el enfoque en la necesidad y objetivo de la interacción.",OBS_00238,,CONOCIMIENTOS (ASESOR VENTA UNIDAD MERCADO MASIVO (TMK) E-Commerce),ASESOR
"Aplica de manera estratégica alguna de las técnicas de cierre (informado, alternativo, y/o de beneficios), resume de manera puntual las características de la oferta y corrobora los datos requeridos para el proceso de digitación (antes de finalizar la interacción con el cliente, indaga posibles contactos que puedan ser gestionados como referidos).",OBS_00239,,CONOCIMIENTOS (ASESOR VENTA UNIDAD MERCADO MASIVO (TMK) E-Commerce),ASESOR
"Si el cliente presenta una objeción (precio, producto, servicio, confianza, tiempo o comparativas), el asesor responde destacando las ventajas competitivas de Claro. Si el cliente se retracta sin dar explicación, el asesor formula preguntas abiertas para indagar el motivo y determinar si la decisión está relacionada con falta de información, de valor percibido o con alguna duda pendiente.",OBS_00240,,CONOCIMIENTOS (ASESOR VENTA UNIDAD MERCADO MASIVO (TMK) E-Commerce),ASESOR
"Durante la interacción, el asesor garantiza que la información brindada sea coherente y clara, al mostrar interés por la necesidad del cliente, y se expresa de manera cortes, haciendo uso de las netiquetas, con el fin de mantener una comunicación efectiva (Evita tecnicismos).",OBS_00241,,CONOCIMIENTOS (ASESOR VENTA UNIDAD MERCADO MASIVO (TMK) E-Commerce),ASESOR
"Accede rápidamente a las plataformas digitales (CRM, Salesforce. App de venta etc.) para personalizar el documento con los datos del cliente, garantizando el proceso de digitación de manera integral. En caso de no llegar a un cierre efectivo de la venta, el asesor, registra (tipifica) la causal de no venta.",OBS_00242,,CONOCIMIENTOS (ASESOR VENTA UNIDAD MERCADO MASIVO (TMK) E-Commerce),ASESOR
"El asesor garantiza una comunicación clara y directa con el cliente, haciendo uso de; buen tono de voz (según corresponda), redacción, ortografía Etc.",OBS_00243,,CONOCIMIENTOS (ASESOR VENTA UNIDAD MERCADO MASIVO (TMK) E-Commerce),ASESOR
"Formula preguntas abiertas y personalizadas para identificar la intención y necesidades del cliente, demostrando proactividad al detectar oportunidades adicionales y conectando los beneficios de la oferta frente a la competencia, con el fin de dar solución a lo expresado durante la interacción.",OBS_00244,,CONOCIMIENTOS (ASESOR VENTA UNIDAD MERCADO MASIVO (TMK) E-Commerce),ASESOR
"Partiendo de la identificación del cliente, el asesor valida el origen del tráfico para confirmar si la oferta aplica y, de no ser así, presenta una alternativa personalizada (regional o por tipo de servicio). Utiliza adecuadamente las herramientas de gestión para consultar la información del cliente y solicita los datos necesarios que permitan confirmar disponibilidad, cobertura y alcance de la oferta de interés.",OBS_00245,,CONOCIMIENTOS (ASESOR VENTA UNIDAD MERCADO MASIVO (TMK) E-Commerce),ASESOR
"Frente a las objeciones del cliente, conserva la calma y utiliza expresiones respetuosas, evitando interrupciones o reacciones defensivas que puedan afectar la interacción.",OBS_00246,,CONOCIMIENTOS (ASESOR VENTA UNIDAD MERCADO MASIVO (TMK) E-Commerce),ASESOR
"Inicia la interacción estableciendo una conexión empática con el prospecto, utilizando un saludo profesional, cercano y adaptado; integrando los elementos clave del speech comercial para orientar la conversación hacia la identificación de la intención real del cliente, fortaleciendo la confianza desde el primer contacto.",OBS_00247,,CONOCIMIENTOS (ASESOR VENTA UNIDAD MERCADO MASIVO (TMK) E-Commerce),ASESOR
"Cuando un cliente menciona la oferta que identifico en los canales digitales, el asesor demuestra conocimiento, consultando y respondiendo con propiedad.",OBS_00248,,CONOCIMIENTOS (ASESOR VENTA UNIDAD MERCADO MASIVO (TMK) E-Commerce),ASESOR
"Asegura que cada paso del proceso quede completo, garantizando la conformidad del cliente y haciendo un uso efectivo el tiempo.",OBS_00249,,CONOCIMIENTOS (ASESOR VENTA UNIDAD MERCADO MASIVO (TMK) E-Commerce),ASESOR
"Ante una negativa del cliente la recibe con respeto, agradece la atención sin mostrar incomodidad en tono o palabras, adicional, plantea alternativas o propone un seguimiento.",OBS_00250,,CONOCIMIENTOS (ASESOR VENTA UNIDAD MERCADO MASIVO (TMK) E-Commerce),ASESOR
"Durante la llamada, el asesor usa pausas o silencios en el momento adecuado para dar espacio al cliente con el fin de que entienda la información brindada, responder o mostrar interés, sin forzar la conversación.",OBS_00251,,CONOCIMIENTOS (ASESOR VENTA UNIDAD MERCADO MASIVO (TMK) Inbound),ASESOR
"Ante un cliente difícil, mantiene la calma hablando en un tono de voz claro, empático, demostrando interés al escuchar el cliente y evitando interrupciones.",OBS_00252,,CONOCIMIENTOS (ASESOR VENTA UNIDAD MERCADO MASIVO (TMK) Inbound),ASESOR
El asesor valida o confirma nombre del cliente con el fin de mantener en adelante una conversación personalizada.,OBS_00253,,CONOCIMIENTOS (ASESOR VENTA UNIDAD MERCADO MASIVO (TMK) Inbound),ASESOR
"Consulta de manera ágil las PTAR disponibles en Conectados, para así apoyar su discurso comercial.",OBS_00254,,CONOCIMIENTOS (ASESOR VENTA UNIDAD MERCADO MASIVO (TMK) Inbound),ASESOR
"Durante la llamada, el asesor se anticipa y aborda posibles objeciones antes de que surjan. Si el cliente presenta objeciones (precio, producto, servicio, confianza, tiempo o comparativas), las rebate destacando los beneficios y diferenciales de Claro, incluso si implican un mayor costo. En caso de rechazo, indaga con preguntas abiertas para identificar si la decisión obedece a falta de información, valor percibido o dudas pendientes.",OBS_00255,,CONOCIMIENTOS (ASESOR VENTA UNIDAD MERCADO MASIVO (TMK) Inbound),ASESOR
"Utiliza un tono de voz persuasivo, adaptando el discurso en la presentación de la oferta destacando conocimiento en las ventajas, beneficios, valor diferencial, y utilizando un lenguaje sencillo y fácil de entender para el cliente (Evita tecnicismos).",OBS_00256,,CONOCIMIENTOS (ASESOR VENTA UNIDAD MERCADO MASIVO (TMK) Inbound),ASESOR
"Asegura que cada paso del proceso quede completo, garantizando la conformidad del cliente y haciendo un uso efectivo el tiempo.",OBS_00257,,CONOCIMIENTOS (ASESOR VENTA UNIDAD MERCADO MASIVO (TMK) Inbound),ASESOR
"Durante la interacción, el asesor mantiene un tono de voz profesional y adecuado, escucha activamente y responde con claridad y respeto ante comentarios del cliente. No expresa frustración mediante palabras, tono, pausas o actitudes que afecten el desarrollo de la conversación.",OBS_00258,,CONOCIMIENTOS (ASESOR VENTA UNIDAD MERCADO MASIVO (TMK) Inbound),ASESOR
"Durante el manejo de objeciones, el asesor mantiene una comunicación personalizada, adaptando su respuesta al perfil o intereses específicos del cliente, demostrando empatía y utilizando frases puente como: 'Entiendo lo que dices', 'Comprendo tu preocupación', 'Es válido lo que mencionas', 'Tiene sentido lo que comentas' ...",OBS_00259,,CONOCIMIENTOS (ASESOR VENTA UNIDAD MERCADO MASIVO (TMK) Inbound),ASESOR
"Accede rápidamente a las plataformas digitales (CRM, Salesforce. App de venta etc.) para personalizar el documento con los datos del cliente, garantizando el proceso de digitación.",OBS_00260,,CONOCIMIENTOS (ASESOR VENTA UNIDAD MERCADO MASIVO (TMK) Inbound),ASESOR
"Inicia la interacción con un saludo claro, cercano y amable con el prospecto, generando conexión y confianza y mantiene una conversación fluida haciendo uso de la escucha activa, realizando preguntas abiertas, con el fin de identificar de manera estratégica la necesidad del cliente (Antes de argumentar el asesor parafrasea lo indicado por el cliente, demostrando entendimiento de la información suministrada).",OBS_00261,,CONOCIMIENTOS (ASESOR VENTA UNIDAD MERCADO MASIVO (TMK) Inbound),ASESOR
"Aplica de manera estratégica técnicas de cierre (informado, alternativo o de beneficios), resume la oferta e inicia la toma de datos para la gestión. Antes de finalizar, indaga por posibles referidos, invita al cliente a conocer más beneficios del servicio contratado y promueve el uso de plataformas digitales como la web o la App Mi Claro.",OBS_00262,,CONOCIMIENTOS (ASESOR VENTA UNIDAD MERCADO MASIVO (TMK) Inbound),ASESOR
"Ante una negativa del cliente la recibe con respeto, agradece la atención y, no muestra incomodidad en tono o palabras, plantea alternativas o propone un seguimiento.",OBS_00263,,CONOCIMIENTOS (ASESOR VENTA UNIDAD MERCADO MASIVO (TMK) Inbound),ASESOR
"Escucha con atención las objeciones del cliente y responde cada una de ellas de manera ordenada, evitando distracciones o desvíos, para así mantener la conversación enfocada en el objetivo de la llamada.",OBS_00264,,CONOCIMIENTOS (ASESOR VENTA UNIDAD MERCADO MASIVO (TMK) Inbound),ASESOR
Maneja adecuadamente el 100% de sus herramientas de gestión para consultar información del cliente.,OBS_00265,,CONOCIMIENTOS (ASESOR VENTA UNIDAD MERCADO MASIVO (TMK) Inbound),ASESOR
"Durante el cierre de la venta, el asesor refuerza el acuerdo utilizando lenguaje positivo, con frases como: 'Excelente decisión', 'Estoy seguro de que te irá muy bien con este producto/servicio', 'Gracias por confiar en nosotros'...",OBS_00266,,CONOCIMIENTOS (ASESOR VENTA UNIDAD MERCADO MASIVO (TMK) Inbound),ASESOR
"Durante la interacción, el asesor mantiene un tono de voz profesional y adecuado, escucha activamente y responde con claridad y respeto ante comentarios negativos del cliente. No expresa frustración mediante palabras, tono, pausas o actitudes que afecten el desarrollo de la conversación.",OBS_00267,,CONOCIMIENTOS (ASESOR VENTA UNIDAD MERCADO MASIVO (TMK) Outbound),ASESOR
"Consulta de manera ágil las PTAR disponibles en Conectados, para así apoyar su discurso comercial.",OBS_00268,,CONOCIMIENTOS (ASESOR VENTA UNIDAD MERCADO MASIVO (TMK) Outbound),ASESOR
"Aplica de manera estratégica técnicas de cierre (informado, alternativo o de beneficios), resume la oferta e inicia la toma de datos para la gestión. Antes de finalizar, indaga por posibles referidos, invita al cliente a conocer más beneficios del servicio contratado y promueve el uso de plataformas digitales como la web o la App Mi Claro.",OBS_00269,,CONOCIMIENTOS (ASESOR VENTA UNIDAD MERCADO MASIVO (TMK) Outbound),ASESOR
"Inicia la interacción con un saludo claro y cercano generando confianza. Mantiene una conversación fluida aplicando escucha activa y preguntas abiertas para identificar estratégicamente la necesidad del cliente (Antes de argumentar, parafrasea lo expresado por el cliente para demostrar comprensión).",OBS_00270,,CONOCIMIENTOS (ASESOR VENTA UNIDAD MERCADO MASIVO (TMK) Outbound),ASESOR
"Durante la llamada, el asesor usa pausas o silencios en el momento adecuado para dar espacio al cliente con el fin de que entienda la información brindada, responder o mostrar interés, sin forzar la conversación.",OBS_00271,,CONOCIMIENTOS (ASESOR VENTA UNIDAD MERCADO MASIVO (TMK) Outbound),ASESOR
"Durante el cierre de la venta, el asesor refuerza el acuerdo utilizando lenguaje positivo, con frases como: 'Excelente decisión', 'Estoy seguro de que te irá muy bien con este producto/servicio', 'Gracias por confiar en nosotros'....",OBS_00272,,CONOCIMIENTOS (ASESOR VENTA UNIDAD MERCADO MASIVO (TMK) Outbound),ASESOR
"Durante el manejo de objeciones, el asesor mantiene una comunicación personalizada, adaptando su respuesta al perfil o necesidades específicas del cliente, demostrando empatía y utilizando frases puente como: 'Entiendo lo que dices', 'Comprendo tu preocupación', 'Es válido lo que mencionas', 'Tiene sentido lo que comentas'...",OBS_00273,,CONOCIMIENTOS (ASESOR VENTA UNIDAD MERCADO MASIVO (TMK) Outbound),ASESOR
"Escucha con atención las objeciones del cliente y responde cada una de ellas de manera ordenada, evitando distracciones o desvíos, para así mantener la conversación enfocada en el objetivo de la llamada.",OBS_00274,,CONOCIMIENTOS (ASESOR VENTA UNIDAD MERCADO MASIVO (TMK) Outbound),ASESOR
"Presenta y argumenta la oferta con seguridad y elocuencia, destacando ventajas y beneficios diferenciales. Utiliza un lenguaje sencillo, evita tecnicismos y adapta el discurso con un tono persuasivo, resaltando beneficios alineados a las necesidades del cliente.",OBS_00275,,CONOCIMIENTOS (ASESOR VENTA UNIDAD MERCADO MASIVO (TMK) Outbound),ASESOR
"Durante la llamada, el asesor se anticipa y aborda posibles objeciones antes de que surjan. Si el cliente presenta objeciones (precio, producto, servicio, confianza, tiempo o comparativas), las rebate destacando los beneficios y diferenciales de Claro, incluso si implican un mayor costo. En caso de rechazo, indaga con preguntas abiertas para identificar si la decisión obedece a falta de información, valor percibido o dudas pendientes.",OBS_00276,,CONOCIMIENTOS (ASESOR VENTA UNIDAD MERCADO MASIVO (TMK) Outbound),ASESOR
"Accede rápidamente a las plataformas digitales (CRM, Salesforce. App de venta etc.) para personalizar el documento con los datos del cliente, garantizando el proceso de digitación.",OBS_00277,,CONOCIMIENTOS (ASESOR VENTA UNIDAD MERCADO MASIVO (TMK) Outbound),ASESOR
Maneja adecuadamente el 100% de sus herramientas de gestión para consultar información del cliente.,OBS_00278,,CONOCIMIENTOS (ASESOR VENTA UNIDAD MERCADO MASIVO (TMK) Outbound),ASESOR
"Asegura que cada paso del proceso quede completo, garantizando la conformidad del cliente y haciendo un uso efectivo el tiempo.",OBS_00279,,CONOCIMIENTOS (ASESOR VENTA UNIDAD MERCADO MASIVO (TMK) Outbound),ASESOR
"Ante una negativa del cliente la recibe con respeto, agradece la atención y, no muestra incomodidad en tono o palabras, plantea alternativas o propone un seguimiento.",OBS_00280,,CONOCIMIENTOS (ASESOR VENTA UNIDAD MERCADO MASIVO (TMK) Outbound),ASESOR
El asesor valida o confirma nombre del cliente con el fin de mantener en adelante una conversación personalizada,OBS_00281,,CONOCIMIENTOS (ASESOR VENTA UNIDAD MERCADO MASIVO (TMK) Outbound),ASESOR
"Ante un cliente difícil, mantiene la calma hablando en un tono de voz claro, empático, demostrando interés al escuchar el cliente, evitando interrupciones.",OBS_00282,,CONOCIMIENTOS (ASESOR VENTA UNIDAD MERCADO MASIVO (TMK) Outbound),ASESOR
"Durante la llamada, el asesor se anticipa a posibles objeciones y las aborda antes de que el cliente las exprese. Si el cliente menciona alguna objeción (Precio, Producto, Servicio, Confianza, Tiempo, Comparativas), el asesor rebate la objeción informando cómo Claro ofrece mayores beneficios de valor agregado y adicionales que hacen única la oferta (incluso pagando un poco más). Si el cliente rechaza la oferta sin explicar el motivo, el asesor indaga con preguntas de valor (abiertas) para identificar si la decisión se debe a falta de información, falta de valor percibido o alguna otra duda pendiente.",OBS_00283,,CONOCIMIENTOS (ASESOR VENTA UNIDAD MERCADO MASIVO (TMK) Outbound),ASESOR
"Aplica de manera estratégica alguna de las técnicas de cierre (informado, alternativo, y de beneficios), para avanzar al proceso de digitación. Resume de manera puntual las características de la oferta, e inicia con toma de datos requeridos para el proceso de digitación. Antes de finalizar la llamada, indaga posibles contactos que puedan ser gestionados como referidos. El asesor invita al cliente a conocer más sobre los beneficios del servicio contratado, destacando cómo pueden satisfacer sus necesidades. Impulsa el uso de las plataformas digitales como la página web o la APP Mi Claro.",OBS_00284,,CONOCIMIENTOS (ASESOR VENTA UNIDAD MERCADO MASIVO (TMK) Outbound),ASESOR
"Construye vínculos de confianza con diferentes interlocutores: co-diseña planes de acción y media conflictos entre canales, áreas internas y eventualmente con clientes.",OBS_00285,,CONOCIMIENTOS (DESARROLLO DE EQUIPOS Y STAKEHOLDERS),ESPECIALISTA
"Compartir comunicados efectivos con la ayuda de IA o diferentes herramientas tecnológicas, generando tips o sugerencias que ayuden al cierre de los negocios.",OBS_00286,,CONOCIMIENTOS (DESARROLLO DE EQUIPOS Y STAKEHOLDERS),ESPECIALISTA
"Desarrolla planes específicos: crea rutas de crecimiento por canal, al entender sus diversas necesidades.",OBS_00287,,CONOCIMIENTOS (DESARROLLO DE EQUIPOS Y STAKEHOLDERS),ESPECIALISTA
"Implementa micro-aprendizajes con sus equipos: Por medio de casos reales, acompañamientos en terreno, demostración de abordaje y negociación etc.",OBS_00288,,CONOCIMIENTOS (DESARROLLO DE EQUIPOS Y STAKEHOLDERS),ESPECIALISTA
"Crea y gestiona comunidades digitales con interlocutores clave: grupos en Teams/Whatsapp para compartir tips, solicitudes y resolver problemas en tiempo real.",OBS_00289,,CONOCIMIENTOS (DESARROLLO DE EQUIPOS Y STAKEHOLDERS),ESPECIALISTA
"Presenta los objetivos y proposito de la capacitación con claridad, vinculándolos directamente con el rol de los participantes y los indicadores del negocio.",OBS_00290,,CONOCIMIENTOS (DESARROLLO DE EQUIPOS Y STAKEHOLDERS),ESPECIALISTA
"Acompañar de manera cercana al equipo, guiándolo con instrucciones precisas y modelando con el ejemplo, para garantizar el cumplimiento de los objetivos.",OBS_00291,,CONOCIMIENTOS (EJECUCIÓN Y OPTIMIZACIÓN COMERCIAL),ESPECIALISTA
"Analiza de manera estratégica con visión integral el negocio, para su gestión y desempeño.",OBS_00292,,CONOCIMIENTOS (EJECUCIÓN Y OPTIMIZACIÓN COMERCIAL),ESPECIALISTA
"Interviene operativamente en fallas: participa en conjunto con áreas de apoyo, para diagnosticar demoras, negocia ASN con áreas técnicas y propone soluciones win-win",OBS_00293,,CONOCIMIENTOS (EJECUCIÓN Y OPTIMIZACIÓN COMERCIAL),ESPECIALISTA
"Usa data en negociaciones: muestra dashboards/gráficas a interlocutores clave con impacto de demoras en servicio, churn y/o ventas.",OBS_00294,,CONOCIMIENTOS (EJECUCIÓN Y OPTIMIZACIÓN COMERCIAL),ESPECIALISTA
Activa protocolos de emergencia: brinda acceso remoto inmediato a sus equipos y es un habilitador para que sus procesos sean más efectivos.,OBS_00295,,CONOCIMIENTOS (EJECUCIÓN Y OPTIMIZACIÓN COMERCIAL),ESPECIALISTA
"Utiliza herramientas digitales como MovilBox, To Do o Planner para hacer seguimiento de procesos, entregables y tareas de su equipo y si es necesario genera resúmenes de desempeño con IA, liberando tiempo administrativo.",OBS_00296,,CONOCIMIENTOS (EJECUCIÓN Y OPTIMIZACIÓN COMERCIAL),ESPECIALISTA
Facilita sesiones de co-creación dando soluciones creativas y sistematiza los accionables para entregar a sus equipos priorizando su gestión comercial.,OBS_00297,,CONOCIMIENTOS (ESTRATEGIA COMERCIAL Y ANALÍTICA),ESPECIALISTA
Traduce la información técnica del líder en objetivos de aprendizaje claros y medibles.,OBS_00298,,CONOCIMIENTOS (ESTRATEGIA COMERCIAL Y ANALÍTICA),ESPECIALISTA
"Identifica relaciones clave en los indicadores de gestión (actividades diarias) y de negocio (productividad, cumplimiento), y desarrolla y/o maneja tableros o dashboards para implementar planes de acción.",OBS_00299,,CONOCIMIENTOS (ESTRATEGIA COMERCIAL Y ANALÍTICA),ESPECIALISTA
"Identifica, ubica y comprende el valor de todas las fuentes de información disponibles.",OBS_00300,,CONOCIMIENTOS (ESTRATEGIA COMERCIAL Y ANALÍTICA),ESPECIALISTA
"Activa planes correctivos en 24h al detectar bajo desempeño, productividad o Metas, convoca líderes de canal, co-crea acciones priorizadas y establece revisiones diarias.",OBS_00301,,CONOCIMIENTOS (ESTRATEGIA COMERCIAL Y ANALÍTICA),ESPECIALISTA
